{
   "action_manifest_version" : 0,
   "alias_info" : {},
   "app_key" : "steam.app.617830",
   "bindings" : {
      "/actions/buggy" : {
         "chords" : [],
         "haptics" : [],
         "poses" : [],
         "skeleton" : [],
         "sources" : []
      },
      "/actions/default" : {
         "chords" : [],
         "haptics" : [
            {
               "output" : "/actions/default/out/haptic",
               "path" : "/user/hand/left/output/haptic"
            },
            {
               "output" : "/actions/default/out/haptic",
               "path" : "/user/hand/right/output/haptic"
            }
         ],
         "poses" : [
            {
               "output" : "/actions/default/in/pose",
               "path" : "/user/hand/left/pose/raw"
            },
            {
               "output" : "/actions/default/in/pose",
               "path" : "/user/hand/right/pose/raw"
            }
         ],
         "skeleton" : [
            {
               "output" : "/actions/default/in/skeletonlefthand",
               "path" : "/user/hand/left/input/skeleton/left"
            },
            {
               "output" : "/actions/default/in/skeletonrighthand",
               "path" : "/user/hand/right/input/skeleton/right"
            },
            {
               "output" : "/actions/default/in/skeletonrighthand",
               "path" : "/user/hand/left/input/skeleton/right"
            }
         ],
         "sources" : [
            {
               "inputs" : {
                  "pull" : {
                     "output" : "/actions/default/in/shoot"
                  }
               },
               "mode" : "trigger",
               "path" : "/user/hand/left/input/pinch"
            },
            {
               "inputs" : {
                  "force" : {
                     "output" : "/actions/default/in/mindwave"
                  }
               },
               "mode" : "force_sensor",
               "path" : "/user/hand/left/input/grip"
            },
            {
               "inputs" : {
                  "click" : {
                     "output" : "/actions/default/in/secondary_grab"
                  }
               },
               "mode" : "button",
               "path" : "/user/hand/left/input/pinch"
            },
            {
               "inputs" : {
                  "force" : {
                     "output" : "/actions/default/in/mindwave"
                  }
               },
               "mode" : "force_sensor",
               "path" : "/user/hand/right/input/grip"
            },
            {
               "inputs" : {
                  "click" : {
                     "output" : "/actions/default/in/shoot"
                  }
               },
               "mode" : "button",
               "path" : "/user/hand/right/input/pinch"
            },
            {
               "inputs" : {
                  "click" : {
                     "output" : "/actions/default/in/secondary_grab"
                  },
                  "pull" : {
                     "output" : "/actions/default/in/shoot"
                  }
               },
               "mode" : "trigger",
               "path" : "/user/hand/right/input/pinch"
            },
            {
               "inputs" : {
                  "click" : {
                     "output" : "/actions/default/in/button1"
                  },
                  "double" : {
                     "output" : "/actions/default/in/button0"
                  }
               },
               "mode" : "button",
               "path" : "/user/hand/left/input/slider"
            },
            {
               "inputs" : {
                  "click" : {
                     "output" : "/actions/default/in/button1"
                  },
                  "double" : {
                     "output" : "/actions/default/in/button0"
                  }
               },
               "mode" : "button",
               "path" : "/user/hand/right/input/slider"
            },
            {
               "inputs" : {
                  "position" : {
                     "output" : "/actions/default/in/ui_navigation"
                  }
               },
               "mode" : "joystick",
               "path" : "/user/hand/left/input/thumbstick"
            },
            {
               "inputs" : {
                  "position" : {
                     "output" : "/actions/default/in/ui_navigation"
                  }
               },
               "mode" : "joystick",
               "path" : "/user/hand/right/input/thumbstick"
            },
            {
               "inputs" : {
                  "double" : {
                     "output" : "/actions/default/in/menu"
                  }
               },
               "mode" : "button",
               "path" : "/user/hand/left/input/proximity"
            },
            {
               "inputs" : {
                  "double" : {
                     "output" : "/actions/default/in/menu"
                  }
               },
               "mode" : "button",
               "path" : "/user/hand/right/input/proximity"
            },
            {
               "inputs" : {},
               "mode" : "none",
               "path" : "/user/hand/left/input/system"
            },
            {
               "inputs" : {},
               "mode" : "none",
               "path" : "/user/hand/right/input/system"
            },
            {
               "inputs" : {
                  "position" : {
                     "output" : "/actions/default/in/ui_navigation"
                  }
               },
               "mode" : "trackpad",
               "path" : "/user/hand/left/input/thumbpad"
            },
            {
               "inputs" : {
                  "position" : {
                     "output" : "/actions/default/in/ui_navigation"
                  }
               },
               "mode" : "trackpad",
               "path" : "/user/hand/right/input/thumbpad"
            },
            {
               "inputs" : {
                  "click" : {
                     "output" : "/actions/default/in/menu"
                  }
               },
               "mode" : "button",
               "parameters" : {
                  "force_input" : "click"
               },
               "path" : "/user/hand/right/input/proximity"
            },
            {
               "inputs" : {
                  "click" : {
                     "output" : "/actions/default/in/button1"
                  },
                  "double" : {
                     "output" : "/actions/default/in/button0"
                  }
               },
               "mode" : "button",
               "path" : "/user/hand/left/input/slider_up"
            },
            {
               "inputs" : {
                  "click" : {
                     "output" : "/actions/default/in/button1"
                  },
                  "double" : {
                     "output" : "/actions/default/in/button0"
                  }
               },
               "mode" : "button",
               "path" : "/user/hand/right/input/slider_up"
            },
            {
               "inputs" : {
                  "double" : {
                     "output" : "/actions/default/in/button2"
                  }
               },
               "mode" : "button",
               "path" : "/user/hand/left/input/slider_down"
            },
            {
               "inputs" : {
                  "double" : {
                     "output" : "/actions/default/in/button2"
                  }
               },
               "mode" : "button",
               "path" : "/user/hand/right/input/slider_down"
            },
            {
               "inputs" : {
                  "click" : {
                     "output" : "/actions/default/in/grab"
                  }
               },
               "mode" : "button",
               "path" : "/user/hand/left/input/pinch"
            },
            {
               "inputs" : {
                  "click" : {
                     "output" : "/actions/default/in/grab"
                  }
               },
               "mode" : "button",
               "path" : "/user/hand/right/input/pinch"
            },
            {
               "inputs" : {
                  "click" : {
                     "output" : "/actions/default/in/grab"
                  }
               },
               "mode" : "button",
               "parameters" : {
                  "click_activate_threshold" : "0.9",
                  "click_deactivate_threshold" : "0.8",
                  "force_input" : "value"
               },
               "path" : "/user/hand/left/input/grip"
            },
            {
               "inputs" : {
                  "click" : {
                     "output" : "/actions/default/in/grab"
                  }
               },
               "mode" : "button",
               "parameters" : {
                  "click_activate_threshold" : "0.9",
                  "click_deactivate_threshold" : "0.8",
                  "force_input" : "value"
               },
               "path" : "/user/hand/right/input/grip"
            }
         ]
      },
      "/actions/platformer" : {
         "chords" : [],
         "haptics" : [],
         "poses" : [],
         "skeleton" : [],
         "sources" : []
      }
   },
   "category" : "steamvr_input",
   "controller_type" : "etee_controller",
   "description" : "Official TG0 game bindings for etee Controllers. While in-game, press the System Button and select 'Show Controls' in the bottom left to view controller layout.",
   "name" : "Default SUPERHOT VR configuration for etee Controller V2_1",
   "options" : {
      "simulated_controller_type" : "none",
      "simulate_rendermodel" : false
   },
   "simulated_actions" : []
}
