{
   "action_manifest_version" : 0,
   "alias_info" : {},
   "app_key" : "steam.app.916840",
   "bindings" : {
      "/actions/main" : {
         "chords" : [],
         "haptics" : [
            {
               "output" : "/actions/main/out/vibrateleft",
               "path" : "/user/hand/left/output/haptic"
            },
            {
               "output" : "/actions/main/out/vibrateright",
               "path" : "/user/hand/right/output/haptic"
            }
         ],
         "poses" : [
            {
               "output" : "/actions/main/in/controllerleft",
               "path" : "/user/hand/left/pose/raw"
            },
            {
               "output" : "/actions/main/in/controllerright",
               "path" : "/user/hand/right/pose/raw"
            },
            {
               "output" : "/actions/main/in/controllerleft",
               "path" : "/user/hand/left/pose/back"
            },
            {
               "output" : "/actions/main/in/controllerright",
               "path" : "/user/hand/right/pose/back"
            }
         ],
         "skeleton" : [
            {
               "output" : "/actions/main/in/skeletonleft",
               "path" : "/user/hand/left/input/skeleton/left"
            },
            {
               "output" : "/actions/main/in/skeletonright",
               "path" : "/user/hand/right/input/skeleton/right"
            }
         ],
         "sources" : [
            {
               "inputs" : {
                  "click" : {
                     "output" : "/actions/main/in/selectdialogue"
                  }
               },
               "mode" : "button",
               "path" : "/user/hand/left/input/b"
            },
            {
               "inputs" : {
                  "click" : {
                     "output" : "/actions/main/in/leftinteractsecondary axis"
                  }
               },
               "mode" : "button",
               "path" : "/user/hand/left/input/a"
            },
            {
               "inputs" : {
                  "pull" : {
                     "output" : "/actions/main/in/leftinteract axis"
                  }
               },
               "mode" : "trigger",
               "path" : "/user/hand/left/input/trigger"
            },
            {
               "inputs" : {
                  "click" : {
                     "output" : "/actions/main/in/leftinteract axis"
                  },
                  "pull" : {
                     "output" : "/actions/main/in/leftgripindex_axis"
                  },
                  "touch" : {
                     "output" : "/actions/main/in/selectdialogue"
                  }
               },
               "mode" : "trigger",
               "path" : "/user/hand/left/input/finger/index"
            },
            {
               "inputs" : {
                  "pull" : {
                     "output" : "/actions/main/in/leftgripmiddle_axis"
                  }
               },
               "mode" : "trigger",
               "path" : "/user/hand/left/input/finger/middle"
            },
            {
               "inputs" : {
                  "pull" : {
                     "output" : "/actions/main/in/leftgripring_axis"
                  }
               },
               "mode" : "trigger",
               "path" : "/user/hand/left/input/finger/ring"
            },
            {
               "inputs" : {
                  "pull" : {
                     "output" : "/actions/main/in/leftgrippinky_axis"
                  }
               },
               "mode" : "trigger",
               "path" : "/user/hand/left/input/finger/pinky"
            },
            {
               "inputs" : {
                  "pull" : {
                     "output" : "/actions/main/in/rightinteract axis"
                  }
               },
               "mode" : "trigger",
               "path" : "/user/hand/right/input/trigger"
            },
            {
               "inputs" : {
                  "click" : {
                     "output" : "/actions/main/in/rightinteractsecondary axis"
                  }
               },
               "mode" : "button",
               "path" : "/user/hand/right/input/a"
            },
            {
               "inputs" : {
                  "click" : {
                     "output" : "/actions/main/in/rightinteract axis"
                  },
                  "pull" : {
                     "output" : "/actions/main/in/rightgripindex_axis"
                  },
                  "touch" : {
                     "output" : "/actions/main/in/selectdialogue"
                  }
               },
               "mode" : "trigger",
               "path" : "/user/hand/right/input/finger/index"
            },
            {
               "inputs" : {
                  "pull" : {
                     "output" : "/actions/main/in/rightgripmiddle_axis"
                  }
               },
               "mode" : "trigger",
               "path" : "/user/hand/right/input/finger/middle"
            },
            {
               "inputs" : {
                  "pull" : {
                     "output" : "/actions/main/in/rightgripring_axis"
                  }
               },
               "mode" : "trigger",
               "path" : "/user/hand/right/input/finger/ring"
            },
            {
               "inputs" : {
                  "pull" : {
                     "output" : "/actions/main/in/rightgrippinky_axis"
                  }
               },
               "mode" : "trigger",
               "path" : "/user/hand/right/input/finger/pinky"
            },
            {
               "inputs" : {
                  "click" : {
                     "output" : "/actions/main/in/sprinttoggle"
                  },
                  "position" : {
                     "output" : "/actions/main/in/moverightforward_axis2d"
                  }
               },
               "mode" : "joystick",
               "path" : "/user/hand/left/input/thumbstick"
            },
            {
               "inputs" : {
                  "click" : {
                     "output" : "/actions/main/in/resethmd"
                  },
                  "position" : {
                     "output" : "/actions/main/in/selectdialoguehorizontvertical_axis2d"
                  }
               },
               "mode" : "joystick",
               "path" : "/user/hand/right/input/thumbstick"
            },
            {
               "inputs" : {
                  "position" : {
                     "output" : "/actions/main/in/configurableturnaxis_x,configurableturnaxis_y x y_axis2d"
                  }
               },
               "mode" : "joystick",
               "path" : "/user/hand/right/input/thumbstick"
            },
            {
               "inputs" : {
                  "click" : {
                     "output" : "/actions/main/in/pause"
                  }
               },
               "mode" : "button",
               "path" : "/user/hand/left/input/trackpad"
            },
            {
               "inputs" : {
                  "grab" : {
                     "output" : "/actions/main/in/knucklesleftgrip axis"
                  }
               },
               "mode" : "grab",
               "parameters" : {
                  "value_hold_threshold" : "0.7",
                  "value_release_threshold" : "0.65"
               },
               "path" : "/user/hand/left/input/grip"
            },
            {
               "inputs" : {
                  "grab" : {
                     "output" : "/actions/main/in/knucklesrightgrip axis"
                  }
               },
               "mode" : "grab",
               "parameters" : {
                  "value_hold_threshold" : "0.7",
                  "value_release_threshold" : "0.65"
               },
               "path" : "/user/hand/right/input/grip"
            },
            {
               "inputs" : {
                  "click" : {
                     "output" : "/actions/main/in/crouchtoggle"
                  }
               },
               "mode" : "button",
               "path" : "/user/hand/right/input/b"
            },
            {
               "inputs" : {
                  "position" : {
                     "output" : "/actions/main/in/moveforward_x,moveforward_y x y_axis2d"
                  }
               },
               "mode" : "joystick",
               "parameters" : {
                  "invert" : "y"
               },
               "path" : "/user/hand/left/input/thumbstick"
            },
            {
               "inputs" : {
                  "touch" : {
                     "output" : "/actions/main/in/leftindexpointing axis"
                  }
               },
               "mode" : "trigger",
               "path" : "/user/hand/left/input/trigger"
            },
            {
               "inputs" : {
                  "touch" : {
                     "output" : "/actions/main/in/rightindexpointing axis"
                  }
               },
               "mode" : "trigger",
               "path" : "/user/hand/right/input/trigger"
            },
            {
               "inputs" : {
                  "click" : {
                     "output" : "/actions/main/in/leftinteract axis"
                  },
                  "touch" : {
                     "output" : "/actions/main/in/leftinteractsecondary axis"
                  }
               },
               "mode" : "button",
               "path" : "/user/hand/left/input/proximity"
            },
            {
               "inputs" : {
                  "click" : {
                     "output" : "/actions/main/in/resethmd"
                  },
                  "position" : {
                     "output" : "/actions/main/in/configurableturnaxis_x,configurableturnaxis_y x y_axis2d"
                  }
               },
               "mode" : "trackpad",
               "path" : "/user/hand/right/input/thumbpad"
            },
            {
               "inputs" : {},
               "mode" : "none",
               "path" : "/user/hand/right/input/skeleton/right"
            },
            {
               "inputs" : {
                  "value" : {
                     "output" : "/actions/main/in/rightindexpointing axis"
                  }
               },
               "mode" : "scalar_constant",
               "path" : "/user/hand/right/input/point_independent"
            },
            {
               "inputs" : {
                  "value" : {
                     "output" : "/actions/main/in/leftindexpointing axis"
                  }
               },
               "mode" : "scalar_constant",
               "path" : "/user/hand/left/input/point_independent"
            },
            {
               "inputs" : {
                  "value" : {
                     "output" : "/actions/main/in/leftthumbup axis"
                  }
               },
               "mode" : "scalar_constant",
               "path" : "/user/hand/left/input/finger/thumb"
            },
            {
               "inputs" : {
                  "value" : {
                     "output" : "/actions/main/in/rightthumbup axis"
                  }
               },
               "mode" : "scalar_constant",
               "path" : "/user/hand/right/input/finger/thumb"
            },
            {
               "inputs" : {
                  "click" : {
                     "output" : "/actions/main/in/rightinteractsecondary axis"
                  },
                  "touch" : {
                     "output" : "/actions/main/in/rightinteract axis"
                  }
               },
               "mode" : "button",
               "path" : "/user/hand/right/input/proximity"
            },
            {
               "inputs" : {},
               "mode" : "button",
               "path" : "/user/hand/left/input/pinch_thumbfinger"
            },
            {
               "inputs" : {
                  "position" : {
                     "output" : "/actions/main/in/moveforward_x,moveforward_y x y_axis2d"
                  },
                  "touch" : {
                     "output" : "/actions/main/in/touchmovementactive"
                  }
               },
               "mode" : "trackpad",
               "parameters" : {
                  "invert" : "y"
               },
               "path" : "/user/hand/left/input/thumbpad"
            },
            {
               "inputs" : {
                  "double" : {
                     "output" : "/actions/main/in/crouchtoggle"
                  }
               },
               "mode" : "button",
               "path" : "/user/hand/left/input/slider"
            },
            {
               "inputs" : {
                  "click" : {
                     "output" : "/actions/main/in/sprinttoggle"
                  }
               },
               "mode" : "button",
               "path" : "/user/hand/right/input/slider"
            }
         ]
      }
   },
   "category" : "steamvr_input",
   "controller_type" : "etee_controller",
   "description" : "Official game bindings for etee Controllers. While in-game, press the System Button and select 'Show Controls' in the bottom left to view controller layout.",
   "name" : "Default The Walking Dead: Saints & Sinners configuration for etee Controller V2_2",
   "options" : {
      "compatibility_mode" : true,
      "simulate_rendermodel" : true,
      "simulated_controller_type" : "knuckles"
   },
   "simulated_actions" : []
}
