{
   "action_manifest_version" : 0,
   "alias_info" : {},
   "app_key" : "steam.app.546560",
   "bindings" : {
      "/actions/default" : {
         "haptics" : [
            {
               "output" : "/actions/default/in/hapticvibration",
               "path" : "/user/hand/left/output/haptic"
            },
            {
               "output" : "/actions/default/in/hapticvibration",
               "path" : "/user/hand/right/output/haptic"
            }
         ],
         "poses" : [
            {
               "output" : "/actions/default/in/handposeleft",
               "path" : "/user/hand/left/pose/hand"
            },
            {
               "output" : "/actions/default/in/handposeright",
               "path" : "/user/hand/right/pose/hand"
            },
            {
               "output" : "/actions/default/in/handposeright",
               "path" : "/user/hand/right/pose/raw"
            },
            {
               "output" : "/actions/default/in/handposeleft",
               "path" : "/user/hand/left/pose/raw"
            },
            {
               "output" : "none",
               "path" : "/user/hand/right/pose/base"
            },
            {
               "output" : "none",
               "path" : "/user/hand/left/pose/base"
            },
            {
               "output" : "/actions/default/in/handposeright",
               "path" : "/user/hand/right/pose/mid"
            },
            {
               "output" : "/actions/default/in/handposeleft",
               "path" : "/user/hand/left/pose/mid"
            },
            {
               "output" : "none",
               "path" : "/user/hand/left/pose/index"
            },
            {
               "output" : "none",
               "path" : "/user/hand/right/pose/index"
            },
            {
               "output" : "none",
               "path" : "/user/hand/left/pose/tip"
            },
            {
               "output" : "none",
               "path" : "/user/hand/right/pose/tip"
            }
         ],
         "skeleton" : [
            {
               "output" : "/actions/default/in/handskeletonleft",
               "path" : "/user/hand/left/input/skeleton/left"
            },
            {
               "output" : "/actions/default/in/handskeletonright",
               "path" : "/user/hand/right/input/skeleton/right"
            }
         ],
         "sources" : [
            {
               "inputs" : {
                  "pull" : {
                     "output" : "/actions/default/in/fingercurlindex"
                  }
               },
               "mode" : "trigger",
               "path" : "/user/hand/left/input/finger/index"
            },
            {
               "inputs" : {
                  "pull" : {
                     "output" : "/actions/default/in/fingercurlmiddle"
                  }
               },
               "mode" : "trigger",
               "path" : "/user/hand/left/input/finger/middle"
            },
            {
               "inputs" : {
                  "pull" : {
                     "output" : "/actions/default/in/fingercurlring"
                  }
               },
               "mode" : "trigger",
               "path" : "/user/hand/left/input/finger/ring"
            },
            {
               "inputs" : {
                  "pull" : {
                     "output" : "/actions/default/in/fingercurlpinky"
                  }
               },
               "mode" : "trigger",
               "path" : "/user/hand/left/input/finger/pinky"
            },
            {
               "inputs" : {
                  "pull" : {
                     "output" : "/actions/default/in/fingercurlindex"
                  }
               },
               "mode" : "trigger",
               "path" : "/user/hand/right/input/finger/index"
            },
            {
               "inputs" : {
                  "pull" : {
                     "output" : "/actions/default/in/fingercurlmiddle"
                  }
               },
               "mode" : "trigger",
               "path" : "/user/hand/right/input/finger/middle"
            },
            {
               "inputs" : {
                  "pull" : {
                     "output" : "/actions/default/in/fingercurlring"
                  }
               },
               "mode" : "trigger",
               "path" : "/user/hand/right/input/finger/ring"
            },
            {
               "inputs" : {
                  "pull" : {
                     "output" : "/actions/default/in/fingercurlpinky"
                  }
               },
               "mode" : "trigger",
               "path" : "/user/hand/right/input/finger/pinky"
            },
            {
               "inputs" : {
                  "pull" : {
                     "output" : "/actions/default/in/triggerpull"
                  }
               },
               "mode" : "trigger",
               "path" : "/user/hand/left/input/index"
            },
            {
               "inputs" : {
                  "pull" : {
                     "output" : "/actions/default/in/triggerpull"
                  }
               },
               "mode" : "trigger",
               "path" : "/user/hand/right/input/index"
            },
            {
               "inputs" : {
                  "pull" : {
                     "output" : "/actions/default/in/handcurl"
                  }
               },
               "mode" : "trigger",
               "path" : "/user/hand/right/input/grip"
            },
            {
               "inputs" : {
                  "pull" : {
                     "output" : "/actions/default/in/handcurl"
                  }
               },
               "mode" : "trigger",
               "path" : "/user/hand/left/input/grip"
            },
            {
               "inputs" : {
                  "pull" : {
                     "output" : "/actions/default/in/fingercurlthumb"
                  }
               },
               "mode" : "trigger",
               "path" : "/user/hand/left/input/thumb"
            },
            {
               "inputs" : {
                  "pull" : {
                     "output" : "/actions/default/in/fingercurlmiddle"
                  }
               },
               "mode" : "trigger",
               "path" : "/user/hand/left/input/middle"
            },
            {
               "inputs" : {},
               "mode" : "trigger",
               "path" : "/user/hand/left/input/ring"
            },
            {
               "inputs" : {
                  "pull" : {
                     "output" : "/actions/default/in/fingercurlpinky"
                  }
               },
               "mode" : "trigger",
               "path" : "/user/hand/left/input/pinky"
            },
            {
               "inputs" : {
                  "pull" : {
                     "output" : "/actions/default/in/fingercurlthumb"
                  }
               },
               "mode" : "trigger",
               "path" : "/user/hand/right/input/thumb"
            },
            {
               "inputs" : {
                  "pull" : {
                     "output" : "/actions/default/in/fingercurlmiddle"
                  }
               },
               "mode" : "trigger",
               "path" : "/user/hand/right/input/middle"
            },
            {
               "inputs" : {
                  "pull" : {
                     "output" : "/actions/default/in/fingercurlring"
                  }
               },
               "mode" : "trigger",
               "path" : "/user/hand/right/input/ring"
            },
            {
               "inputs" : {
                  "pull" : {
                     "output" : "/actions/default/in/fingercurlpinky"
                  }
               },
               "mode" : "trigger",
               "path" : "/user/hand/right/input/pinky"
            },
            {
               "inputs" : {
                  "pull" : {
                     "output" : "/actions/default/in/triggerpull"
                  }
               },
               "mode" : "trigger",
               "path" : "/user/hand/right/input/finger/index"
            },
            {
               "inputs" : {
                  "pull" : {
                     "output" : "/actions/default/in/triggerpull"
                  }
               },
               "mode" : "trigger",
               "path" : "/user/hand/left/input/finger/index"
            },
            {
               "inputs" : {
                  "touch" : {
                     "output" : "/actions/default/in/fingercurlthumb"
                  }
               },
               "mode" : "button",
               "path" : "/user/hand/right/input/thumbpad"
            },
            {
               "inputs" : {
                  "touch" : {
                     "output" : "/actions/default/in/fingercurlthumb"
                  }
               },
               "mode" : "button",
               "path" : "/user/hand/left/input/thumbpad"
            }
         ]
      },
      "/actions/dev" : {
         "sources" : [
            {
               "inputs" : {
                  "click" : {
                     "output" : "/actions/dev/in/menuinteract"
                  }
               },
               "mode" : "button",
               "path" : "/user/hand/left/input/pinch"
            },
            {
               "inputs" : {
                  "click" : {
                     "output" : "/actions/dev/in/menudismiss"
                  }
               },
               "mode" : "button",
               "path" : "/user/hand/left/input/pinch"
            },
            {
               "inputs" : {
                  "click" : {
                     "output" : "/actions/dev/in/menuinteract"
                  }
               },
               "mode" : "button",
               "path" : "/user/hand/right/input/pinch"
            },
            {
               "inputs" : {
                  "click" : {
                     "output" : "/actions/dev/in/menudismiss"
                  }
               },
               "mode" : "button",
               "path" : "/user/hand/right/input/pinch"
            },
            {
               "inputs" : {
                  "double" : {
                     "output" : "/actions/dev/in/togglemenu"
                  }
               },
               "mode" : "button",
               "path" : "/user/hand/left/input/proximity"
            }
         ]
      },
      "/actions/interact" : {
         "chords" : [],
         "sources" : [
            {
               "inputs" : {
                  "click" : {
                     "output" : "/actions/interact/in/use"
                  }
               },
               "mode" : "button",
               "path" : "/user/hand/right/input/grip"
            },
            {
               "inputs" : {
                  "click" : {
                     "output" : "/actions/interact/in/armxengrenade"
                  }
               },
               "mode" : "button",
               "path" : "/user/hand/left/input/slider"
            },
            {
               "inputs" : {
                  "click" : {
                     "output" : "/actions/interact/in/use"
                  }
               },
               "mode" : "button",
               "parameters" : {
                  "click_activate_threshold" : "0.7",
                  "click_deactivate_threshold" : "0.65"
               },
               "path" : "/user/hand/right/input/index"
            },
            {
               "inputs" : {
                  "double" : {
                     "output" : "/actions/interact/in/armgrenade"
                  }
               },
               "mode" : "button",
               "path" : "/user/hand/right/input/thumbpad"
            },
            {
               "inputs" : {
                  "double" : {
                     "output" : "/actions/interact/in/healthpen"
                  }
               },
               "mode" : "button",
               "parameters" : {
                  "click_activate_threshold" : "0.8",
                  "click_deactivate_threshold" : "0.75"
               },
               "path" : "/user/hand/right/input/thumbpad"
            },
            {
               "inputs" : {
                  "double" : {
                     "output" : "/actions/interact/in/armgrenade"
                  }
               },
               "mode" : "button",
               "path" : "/user/hand/left/input/thumbpad"
            },
            {
               "inputs" : {
                  "double" : {
                     "output" : "/actions/interact/in/healthpen"
                  }
               },
               "mode" : "button",
               "path" : "/user/hand/left/input/thumbpad"
            },
            {
               "inputs" : {
                  "click" : {
                     "output" : "/actions/interact/in/use"
                  }
               },
               "mode" : "button",
               "parameters" : {
                  "click_activate_threshold" : "0.7",
                  "click_deactivate_threshold" : "0.65"
               },
               "path" : "/user/hand/left/input/index"
            },
            {
               "inputs" : {
                  "click" : {
                     "output" : "/actions/interact/in/usegrip"
                  }
               },
               "mode" : "button",
               "parameters" : {
                  "click_activate_threshold" : "0.55",
                  "click_deactivate_threshold" : "0.45"
               },
               "path" : "/user/hand/right/input/grip"
            },
            {
               "inputs" : {
                  "pull" : {
                     "output" : "/actions/interact/in/squeezexengrenade"
                  }
               },
               "mode" : "trigger",
               "path" : "/user/hand/right/input/grip"
            },
            {
               "inputs" : {
                  "pull" : {
                     "output" : "/actions/interact/in/squeezexengrenade"
                  }
               },
               "mode" : "trigger",
               "path" : "/user/hand/left/input/grip"
            },
            {
               "inputs" : {
                  "click" : {
                     "output" : "/actions/interact/in/usegrip"
                  }
               },
               "mode" : "button",
               "parameters" : {
                  "click_activate_threshold" : "0.5",
                  "click_deactivate_threshold" : "0.45"
               },
               "path" : "/user/hand/left/input/grip"
            },
            {
               "inputs" : {
                  "click" : {
                     "output" : "/actions/interact/in/armgrenade"
                  }
               },
               "mode" : "button",
               "parameters" : {
                  "click_activate_threshold" : "0.7",
                  "click_deactivate_threshold" : "0.65"
               },
               "path" : "/user/hand/left/input/grip"
            },
            {
               "inputs" : {
                  "click" : {
                     "output" : "/actions/interact/in/gglock"
                  }
               },
               "mode" : "button",
               "path" : "/user/hand/left/input/point"
            },
            {
               "inputs" : {
                  "click" : {
                     "output" : "/actions/interact/in/gglock"
                  }
               },
               "mode" : "button",
               "path" : "/user/hand/right/input/point"
            },
            {
               "inputs" : {
                  "click" : {
                     "output" : "/actions/interact/in/use"
                  }
               },
               "mode" : "button",
               "path" : "/user/hand/right/input/pinch"
            },
            {
               "inputs" : {
                  "click" : {
                     "output" : "/actions/interact/in/use"
                  }
               },
               "mode" : "button",
               "path" : "/user/hand/left/input/pinch"
            },
            {
               "inputs" : {
                  "click" : {
                     "output" : "/actions/interact/in/gglock"
                  }
               },
               "mode" : "button",
               "path" : "/user/hand/left/input/point_independent"
            },
            {
               "inputs" : {
                  "click" : {
                     "output" : "/actions/interact/in/gglock"
                  }
               },
               "mode" : "button",
               "path" : "/user/hand/right/input/point_independent"
            },
            {
               "inputs" : {
                  "double" : {
                     "output" : "/actions/interact/in/togglelasersight"
                  }
               },
               "mode" : "button",
               "path" : "/user/hand/right/input/finger/thumb"
            }
         ]
      },
      "/actions/move" : {
         "chords" : [
            {
               "inputs" : [
                  [ "/user/hand/left/input/point_independent", "click" ],
                  [ "/user/hand/left/input/thumbpad", "touch" ]
               ],
               "output" : "/actions/move/in/teleport"
            },
            {
               "inputs" : [
                  [ "/user/hand/left/input/point_independent", "click" ],
                  [ "/user/hand/left/input/thumbpad", "touch" ]
               ],
               "output" : "/actions/move/in/shiftdashjump"
            },
            {
               "inputs" : [
                  [ "/user/hand/left/input/point_independent", "click" ],
                  [ "/user/hand/left/input/thumbpad", "touch" ]
               ],
               "output" : "/actions/move/in/walkmantle"
            }
         ],
         "sources" : [
            {
               "inputs" : {
                  "position" : {
                     "output" : "/actions/move/in/teleportturn"
                  }
               },
               "mode" : "trackpad",
               "path" : "/user/hand/right/input/thumbpad"
            },
            {
               "inputs" : {
                  "position" : {
                     "output" : "/actions/move/in/continuousturn"
                  }
               },
               "mode" : "trackpad",
               "path" : "/user/hand/right/input/thumbpad"
            },
            {
               "inputs" : {
                  "touch" : {
                     "output" : "/actions/move/in/walk"
                  }
               },
               "mode" : "button",
               "parameters" : {
                  "click_activate_threshold" : "0.85",
                  "click_deactivate_threshold" : "0.8",
                  "force_input" : ""
               },
               "path" : "/user/hand/left/input/thumbpad"
            },
            {
               "inputs" : {
                  "south" : {
                     "output" : "/actions/move/in/moveback"
                  }
               },
               "mode" : "dpad",
               "parameters" : {
                  "deadzone_pct" : "95",
                  "overlap_pct" : "0",
                  "sticky" : "true",
                  "sub_mode" : "touch"
               },
               "path" : "/user/hand/right/input/thumbpad"
            },
            {
               "inputs" : {
                  "east" : {
                     "output" : "/actions/move/in/turnright"
                  },
                  "north" : {
                     "output" : "/actions/move/in/walkmantle"
                  },
                  "west" : {
                     "output" : "/actions/move/in/turnleft"
                  }
               },
               "mode" : "dpad",
               "parameters" : {
                  "deadzone_pct" : "95",
                  "overlap_pct" : "0",
                  "sticky" : "true",
                  "sub_mode" : "touch"
               },
               "path" : "/user/hand/right/input/thumbpad"
            },
            {
               "inputs" : {
                  "position" : {
                     "output" : "/actions/move/in/teleportturn"
                  }
               },
               "mode" : "trackpad",
               "path" : "/user/hand/left/input/thumbpad"
            },
            {
               "inputs" : {
                  "double" : {
                     "output" : "/actions/move/in/adjustheight"
                  }
               },
               "mode" : "button",
               "path" : "/user/hand/left/input/slider"
            },
            {
               "inputs" : {},
               "mode" : "button",
               "path" : "/user/hand/left/input/point_independent"
            },
            {
               "inputs" : {},
               "mode" : "button",
               "path" : "/user/hand/left/input/thumbpad"
            }
         ]
      },
      "/actions/scroll" : {
         "sources" : [
            {
               "inputs" : {
                  "scroll" : {
                     "output" : "/actions/scroll/in/scroll"
                  }
               },
               "mode" : "scroll",
               "parameters" : {
                  "scroll_mode" : "smooth"
               },
               "path" : "/user/hand/left/input/slider"
            },
            {
               "inputs" : {
                  "scroll" : {
                     "output" : "/actions/scroll/in/scroll"
                  }
               },
               "mode" : "scroll",
               "parameters" : {
                  "scroll_mode" : "smooth"
               },
               "path" : "/user/hand/right/input/slider"
            },
            {
               "inputs" : {
                  "scroll" : {
                     "output" : "/actions/scroll/in/scrolltouchpad"
                  }
               },
               "mode" : "scroll",
               "path" : "/user/hand/left/input/thumbpad"
            },
            {
               "inputs" : {
                  "scroll" : {
                     "output" : "/actions/scroll/in/scrolltouchpad"
                  }
               },
               "mode" : "scroll",
               "path" : "/user/hand/right/input/thumbpad"
            }
         ]
      },
      "/actions/weapon" : {
         "chords" : [
            {
               "inputs" : [
                  [ "/user/hand/right/input/thumbpad", "touch" ],
                  [ "/user/hand/right/input/finger/index", "touch" ]
               ],
               "output" : "/actions/weapon/in/fire"
            }
         ],
         "sources" : [
            {
               "inputs" : {
                  "held" : {
                     "output" : "/actions/weapon/in/reload"
                  }
               },
               "mode" : "button",
               "path" : "/user/hand/right/input/thumbpad"
            },
            {
               "inputs" : {
                  "click" : {
                     "output" : "/actions/weapon/in/fire"
                  }
               },
               "mode" : "toggle_button",
               "path" : "/user/hand/right/input/index"
            },
            {
               "inputs" : {
                  "click" : {
                     "output" : "/actions/weapon/in/altfire"
                  }
               },
               "mode" : "toggle_button",
               "path" : "/user/hand/left/input/index"
            },
            {
               "inputs" : {
                  "click" : {
                     "output" : "/actions/weapon/in/openchamber"
                  }
               },
               "mode" : "button",
               "parameters" : {
                  "click_activate_threshold" : "0.65",
                  "click_deactivate_threshold" : "0.6",
                  "force_input" : "force"
               },
               "path" : "/user/hand/right/input/thumb"
            },
            {
               "inputs" : {
                  "double" : {
                     "output" : "/actions/weapon/in/releaseslide"
                  }
               },
               "mode" : "button",
               "parameters" : {
                  "click_activate_threshold" : "0.65",
                  "click_deactivate_threshold" : "0.6",
                  "force_input" : "force"
               },
               "path" : "/user/hand/right/input/thumb"
            },
            {
               "inputs" : {
                  "double" : {
                     "output" : "/actions/weapon/in/altfire"
                  }
               },
               "mode" : "button",
               "parameters" : {
                  "click_activate_threshold" : "0.65",
                  "click_deactivate_threshold" : "0.6",
                  "force_input" : "force"
               },
               "path" : "/user/hand/right/input/thumb"
            },
            {
               "inputs" : {},
               "mode" : "button",
               "path" : "/user/hand/right/input/index"
            },
            {
               "inputs" : {
                  "click" : {
                     "output" : "/actions/weapon/in/ejectclip"
                  }
               },
               "mode" : "button",
               "path" : "/user/hand/right/input/proximity"
            },
            {
               "inputs" : {
                  "click" : {
                     "output" : "/actions/weapon/in/openchamber"
                  }
               },
               "mode" : "button",
               "path" : "/user/hand/right/input/proximity"
            },
            {
               "inputs" : {
                  "double" : {
                     "output" : "/actions/weapon/in/showinventory"
                  }
               },
               "mode" : "button",
               "path" : "/user/hand/right/input/slider"
            },
            {
               "inputs" : {},
               "mode" : "button",
               "parameters" : {
                  "click_activate_threshold" : "0.1",
                  "click_deactivate_threshold" : "0.05",
                  "force_input" : "value",
                  "haptic_amplitude" : "0"
               },
               "path" : "/user/hand/right/input/finger/index"
            },
            {
               "inputs" : {},
               "mode" : "button",
               "path" : "/user/hand/right/input/thumbpad"
            },
            {
               "inputs" : {
                  "double" : {
                     "output" : "/actions/weapon/in/toggleburstfire"
                  }
               },
               "mode" : "button",
               "path" : "/user/hand/right/input/finger/thumb"
            }
         ]
      }
   },
   "category" : "steamvr_input",
   "controller_type" : "etee_controller",
   "description" : "Version 2_3: Official HLA bindings for etee Controllers. While in-game, press the System Button and select 'Show Controls' in the bottom left to view controller layout.",
   "interaction_profile" : "",
   "name" : "Default Half-Life: Alyx configuration for etee Controller",
   "options" : {},
   "simulated_actions" : []
}
