{
	"jsonid" : "input_profile",
  "controller_type": "vive_tracker_camera",
  "input_bindingui_mode" : "single_device",
  "input_bindingui_right" :
  {
    "image": "{etee}/icons/eteeTracker.svg"
  },

  "input_source" :
  {
    "/input/power" : {
        "type" : "button",
				"order" :  1,
        "binding_image_point" : [ 100, 90 ]
    },
    "/input/trigger" : {
        "type" : "button",
				"order" :  2,
        "binding_image_point" : [ 100, 90 ]
    },
    "/input/grip" : {
        "type" : "button",
				"order" :  3,
        "binding_image_point" : [ 100, 90 ]
    },
    "/input/application_menu" : {
        "type" : "button",
				"order" :  4,
        "binding_image_point" : [ 100, 90 ]
    },
    "/input/thumb" : {
        "type" : "button",
				"order" :  5,
        "binding_image_point" : [ 100, 90 ]
    },
    "/pose/raw" : {
        "type" : "pose",
        "binding_image_point" : [ 100, 90 ]
    },
    "/pose/front" : {
        "type" : "pose",
        "binding_image_point" : [ 100, 90 ]
    },
    "/pose/back" : {
        "type" : "pose",
        "binding_image_point" : [ 100, 90 ]
    },
    "/pose/pistol" : {
        "type" : "pose",
        "binding_image_point" : [ 100, 90 ]
    },
    "/pose/front_rolled" : {
        "type" : "pose",
        "binding_image_point" : [ 100, 90 ]
    }
  }
}