{
	"bindings": {
		"/actions/legacy": {
			"haptics": [{
					"output": "/actions/legacy/out/left_haptic",
					"path": "/user/hand/left/output/haptic"
				},
				{
					"output": "/actions/legacy/out/right_haptic",
					"path": "/user/hand/right/output/haptic"
				}
			],
			"poses": [{
					"output": "none",
					"path": "/user/hand/left/pose/front_rolled"
				},
				{
					"output": "none",
					"path": "/user/hand/right/pose/front_rolled"
				},
				{
					"output": "/actions/legacy/in/right_pose",
					"path": "/user/hand/right/pose/pistol"
				},
				{
					"output": "none",
					"path": "/user/hand/right/pose/raw"
				},
				{
					"output": "none",
					"path": "/user/hand/left/pose/raw"
				},
				{
					"output": "none",
					"path": "/user/hand/right/pose/front"
				},
				{
					"output": "none",
					"path": "/user/hand/left/pose/front"
				},
				{
					"output": "none",
					"path": "/user/hand/right/pose/back"
				},
				{
					"output": "none",
					"path": "/user/hand/left/pose/back"
				},
				{
					"output": "/actions/legacy/in/left_pose",
					"path": "/user/hand/left/pose/pistol"
				}
			],
			"sources": []
		}
	},
	"controller_type": "vive_tracker_handed",
	"description": "",
	"name": "Default bindings for legacy applications for pistol grip etee Trackers in Hand"
}