{
   "action_manifest_version" : 0,
   "alias_info" : {},
   "app_key" : "steam.app.858260",
   "bindings" : {
      "/actions/debug" : {
         "sources" : [
            {
               "inputs" : {
                  "click" : {
                     "output" : "/actions/debug/in/toggledebugmenu"
                  }
               },
               "mode" : "button",
               "path" : "/user/hand/right/input/thumbpad"
            },
            {
               "inputs" : {
                  "click" : {
                     "output" : "/actions/debug/in/debugaction"
                  }
               },
               "mode" : "button",
               "path" : "/user/hand/right/input/thumbpad"
            }
         ]
      },
      "/actions/default" : {
         "chords" : [],
         "haptics" : [
            {
               "output" : "/actions/default/out/haptic",
               "path" : "/user/hand/left/output/haptic"
            },
            {
               "output" : "/actions/default/out/haptic",
               "path" : "/user/hand/right/output/haptic"
            }
         ],
         "poses" : [],
         "skeleton" : [],
         "sources" : [
            {
               "inputs" : {
                  "click" : {
                     "output" : "/actions/default/in/crush"
                  }
               },
               "mode" : "button",
               "parameters" : {
                  "click_activate_threshold" : "0.7",
                  "click_deactivate_threshold" : "0.6",
                  "force_input" : "force",
                  "haptic_duration" : "0.1"
               },
               "path" : "/user/hand/left/input/grip"
            },
            {
               "inputs" : {
                  "click" : {
                     "output" : "/actions/default/in/grab"
                  }
               },
               "mode" : "button",
               "path" : "/user/hand/left/input/grip"
            },
            {
               "inputs" : {
                  "position" : {
                     "output" : "/actions/default/in/movement"
                  }
               },
               "mode" : "trackpad",
               "path" : "/user/hand/left/input/thumbpad"
            },
            {
               "inputs" : {
                  "click" : {
                     "output" : "/actions/default/in/click"
                  }
               },
               "mode" : "button",
               "parameters" : {
                  "click_activate_threshold" : "0.8",
                  "click_deactivate_threshold" : "0.7",
                  "haptic_amplitude" : "0.4"
               },
               "path" : "/user/hand/left/input/pinch_thumbfinger"
            },
            {
               "inputs" : {
                  "click" : {
                     "output" : "/actions/default/in/crush"
                  }
               },
               "mode" : "button",
               "parameters" : {
                  "click_activate_threshold" : "0.7",
                  "click_deactivate_threshold" : "0.6",
                  "force_input" : "force",
                  "haptic_duration" : "0.1"
               },
               "path" : "/user/hand/right/input/grip"
            },
            {
               "inputs" : {
                  "click" : {
                     "output" : "/actions/default/in/grab"
                  }
               },
               "mode" : "button",
               "path" : "/user/hand/right/input/grip"
            },
            {
               "inputs" : {
                  "click" : {
                     "output" : "/actions/default/in/click"
                  }
               },
               "mode" : "button",
               "path" : "/user/hand/right/input/pinch_thumbfinger"
            },
            {
               "inputs" : {
                  "position" : {
                     "output" : "/actions/default/in/rotation"
                  }
               },
               "mode" : "trackpad",
               "path" : "/user/hand/right/input/thumbpad"
            },
            {
               "inputs" : {
                  "east" : {
                     "output" : "/actions/default/in/rotateright"
                  },
                  "north" : {
                     "output" : "/actions/default/in/dashforward"
                  },
                  "south" : {
                     "output" : "/actions/default/in/dashback"
                  },
                  "west" : {
                     "output" : "/actions/default/in/rotateleft"
                  }
               },
               "mode" : "dpad",
               "parameters" : {
                  "deadzone_pct" : "70",
                  "overlap_pct" : "20",
                  "sub_mode" : "click"
               },
               "path" : "/user/hand/right/input/thumbpad"
            },
            {
               "inputs" : {
                  "double" : {
                     "output" : "/actions/default/in/pause"
                  }
               },
               "mode" : "button",
               "parameters" : {
                  "force_input" : "click",
                  "touchy_click" : "true"
               },
               "path" : "/user/hand/left/input/proximity"
            },
            {
               "inputs" : {
                  "double" : {
                     "output" : "/actions/default/in/pause"
                  }
               },
               "mode" : "button",
               "parameters" : {
                  "force_input" : "click",
                  "touchy_click" : "true"
               },
               "path" : "/user/hand/right/input/proximity"
            },
            {
               "inputs" : {
                  "click" : {
                     "output" : "/actions/default/in/use"
                  }
               },
               "mode" : "button",
               "parameters" : {
                  "haptic_amplitude" : "0.5",
                  "haptic_duration" : "0.1"
               },
               "path" : "/user/hand/left/input/slider_up"
            },
            {
               "inputs" : {
                  "click" : {
                     "output" : "/actions/default/in/use"
                  }
               },
               "mode" : "button",
               "parameters" : {
                  "haptic_amplitude" : "0.5",
                  "haptic_duration" : "0.1"
               },
               "path" : "/user/hand/right/input/slider_up"
            }
         ]
      }
   },
   "category" : "steamvr_input",
   "controller_type" : "etee_controller",
   "description" : "Official Until You Fall bindings for etee Controllers. While in-game, press the System Button and select 'Show Controls' in the bottom left to view controller layout.",
   "interaction_profile" : "",
   "name" : "[ANY TRACKER] Default Until You Fall configuration for etee Controller V3_1",
   "options" : {
      "compatibility_mode" : true,
      "simulate_hmd" : true,
      "simulate_rendermodel" : false,
      "simulated_controller_type" : "none"
   },
   "simulated_actions" : []
}
