{
   "action_manifest_version" : 0,
   "alias_info" : {},
   "app_key" : "steam.app.1408230",
   "bindings" : {
      "/actions/basic" : {
         "chords" : [],
         "haptics" : [],
         "poses" : [],
         "skeleton" : [],
         "sources" : []
      },
      "/actions/buggy" : {
         "chords" : [],
         "haptics" : [],
         "poses" : [],
         "skeleton" : [],
         "sources" : [
            {
               "inputs" : {
                  "pull" : {
                     "output" : "/actions/buggy/in/throttle"
                  }
               },
               "mode" : "trigger",
               "path" : "/user/hand/left/input/trigger"
            },
            {
               "inputs" : {
                  "pull" : {
                     "output" : "/actions/buggy/in/throttle"
                  }
               },
               "mode" : "trigger",
               "path" : "/user/hand/right/input/trigger"
            },
            {
               "inputs" : {
                  "click" : {
                     "output" : "/actions/buggy/in/brake"
                  },
                  "position" : {
                     "output" : "/actions/buggy/in/steering"
                  }
               },
               "mode" : "trackpad",
               "path" : "/user/hand/left/input/trackpad"
            },
            {
               "inputs" : {
                  "click" : {
                     "output" : "/actions/buggy/in/brake"
                  },
                  "position" : {
                     "output" : "/actions/buggy/in/steering"
                  }
               },
               "mode" : "trackpad",
               "path" : "/user/hand/right/input/trackpad"
            },
            {
               "inputs" : {
                  "click" : {
                     "output" : "/actions/buggy/in/reset"
                  }
               },
               "mode" : "button",
               "path" : "/user/hand/left/input/application_menu"
            },
            {
               "inputs" : {
                  "click" : {
                     "output" : "/actions/buggy/in/reset"
                  }
               },
               "mode" : "button",
               "path" : "/user/hand/right/input/application_menu"
            },
            {
               "inputs" : {
                  "pull" : {
                     "output" : "/actions/buggy/in/throttle"
                  }
               },
               "mode" : "trigger",
               "path" : "/user/hand/left/input/finger/index"
            },
            {
               "inputs" : {
                  "pull" : {
                     "output" : "/actions/buggy/in/throttle"
                  }
               },
               "mode" : "trigger",
               "path" : "/user/hand/right/input/finger/index"
            },
            {
               "inputs" : {
                  "click" : {
                     "output" : "/actions/buggy/in/brake"
                  }
               },
               "mode" : "button",
               "path" : "/user/hand/left/input/finger/thumb"
            },
            {
               "inputs" : {
                  "click" : {
                     "output" : "/actions/buggy/in/brake"
                  }
               },
               "mode" : "button",
               "path" : "/user/hand/right/input/finger/thumb"
            },
            {
               "inputs" : {
                  "double" : {
                     "output" : "/actions/buggy/in/reset"
                  }
               },
               "mode" : "button",
               "path" : "/user/hand/left/input/slider"
            },
            {
               "inputs" : {
                  "double" : {
                     "output" : "/actions/buggy/in/reset"
                  }
               },
               "mode" : "button",
               "path" : "/user/hand/right/input/slider"
            },
            {
               "inputs" : {
                  "position" : {
                     "output" : "/actions/buggy/in/steering"
                  }
               },
               "mode" : "trackpad",
               "path" : "/user/hand/left/input/thumbpad"
            },
            {
               "inputs" : {
                  "position" : {
                     "output" : "/actions/buggy/in/steering"
                  }
               },
               "mode" : "trackpad",
               "path" : "/user/hand/right/input/thumbpad"
            }
         ]
      },
      "/actions/default" : {
         "chords" : [],
         "haptics" : [
            {
               "output" : "/actions/default/out/haptic",
               "path" : "/user/hand/left/output/haptic"
            },
            {
               "output" : "/actions/default/out/haptic",
               "path" : "/user/hand/right/output/haptic"
            }
         ],
         "poses" : [
            {
               "output" : "/actions/default/in/pose",
               "path" : "/user/hand/left/pose/raw"
            },
            {
               "output" : "/actions/default/in/pose",
               "path" : "/user/hand/right/pose/raw"
            }
         ],
         "skeleton" : [
            {
               "output" : "/actions/default/in/skeletonlefthand",
               "path" : "/user/hand/left/input/skeleton/left"
            },
            {
               "output" : "/actions/default/in/skeletonrighthand",
               "path" : "/user/hand/right/input/skeleton/right"
            }
         ],
         "sources" : [
            {
               "inputs" : {
                  "click" : {
                     "output" : "/actions/default/in/interactui"
                  }
               },
               "mode" : "button",
               "path" : "/user/hand/left/input/trigger"
            },
            {
               "inputs" : {
                  "click" : {
                     "output" : "/actions/default/in/teleport"
                  }
               },
               "mode" : "button",
               "path" : "/user/hand/left/input/trackpad"
            },
            {
               "inputs" : {
                  "click" : {
                     "output" : "/actions/default/in/grabgrip"
                  }
               },
               "mode" : "button",
               "parameters" : {
                  "click_activate_threshold" : "0.05",
                  "click_deactivate_threshold" : "0",
                  "force_input" : "force"
               },
               "path" : "/user/hand/left/input/grip"
            },
            {
               "inputs" : {
                  "click" : {
                     "output" : "/actions/default/in/grabpinch"
                  }
               },
               "mode" : "button",
               "parameters" : {
                  "click_activate_threshold" : "0.75",
                  "click_deactivate_threshold" : "0.7",
                  "force_input" : "value"
               },
               "path" : "/user/hand/left/input/trigger"
            },
            {
               "inputs" : {
                  "click" : {
                     "output" : "/actions/default/in/interactui"
                  }
               },
               "mode" : "button",
               "path" : "/user/hand/right/input/trigger"
            },
            {
               "inputs" : {
                  "click" : {
                     "output" : "/actions/default/in/grabpinch"
                  }
               },
               "mode" : "button",
               "parameters" : {
                  "click_activate_threshold" : "0.75",
                  "click_deactivate_threshold" : "0.7"
               },
               "path" : "/user/hand/right/input/trigger"
            },
            {
               "inputs" : {
                  "click" : {
                     "output" : "/actions/default/in/teleport"
                  }
               },
               "mode" : "button",
               "path" : "/user/hand/right/input/trackpad"
            },
            {
               "inputs" : {
                  "click" : {
                     "output" : "/actions/default/in/grabgrip"
                  }
               },
               "mode" : "button",
               "parameters" : {
                  "click_activate_threshold" : "0.05",
                  "click_deactivate_threshold" : "0",
                  "force_input" : "force"
               },
               "path" : "/user/hand/right/input/grip"
            },
            {
               "inputs" : {
                  "pull" : {
                     "output" : "/actions/default/in/squeeze"
                  }
               },
               "mode" : "trigger",
               "path" : "/user/hand/left/input/trigger"
            },
            {
               "inputs" : {
                  "pull" : {
                     "output" : "/actions/default/in/squeeze"
                  }
               },
               "mode" : "trigger",
               "path" : "/user/hand/right/input/trigger"
            },
            {
               "inputs" : {
                  "click" : {
                     "output" : "/actions/default/in/grabpinch"
                  }
               },
               "mode" : "button",
               "path" : "/user/hand/left/input/pinch"
            },
            {
               "inputs" : {
                  "click" : {
                     "output" : "/actions/default/in/grabpinch"
                  }
               },
               "mode" : "button",
               "path" : "/user/hand/right/input/pinch"
            },
            {
               "inputs" : {
                  "click" : {
                     "output" : "/actions/default/in/teleport"
                  }
               },
               "mode" : "button",
               "path" : "/user/hand/left/input/point"
            },
            {
               "inputs" : {
                  "click" : {
                     "output" : "/actions/default/in/teleport"
                  }
               },
               "mode" : "button",
               "path" : "/user/hand/right/input/point"
            },
            {
               "inputs" : {
                  "pull" : {
                     "output" : "/actions/default/in/squeeze"
                  }
               },
               "mode" : "trigger",
               "path" : "/user/hand/left/input/grip"
            },
            {
               "inputs" : {
                  "pull" : {
                     "output" : "/actions/default/in/squeeze"
                  }
               },
               "mode" : "trigger",
               "path" : "/user/hand/right/input/grip"
            },
            {
               "inputs" : {
                  "click" : {
                     "output" : "/actions/default/in/interactui"
                  }
               },
               "mode" : "button",
               "path" : "/user/hand/left/input/finger/index"
            },
            {
               "inputs" : {
                  "click" : {
                     "output" : "/actions/default/in/interactui"
                  }
               },
               "mode" : "button",
               "path" : "/user/hand/right/input/finger/index"
            }
         ]
      },
      "/actions/farbridge_worlds" : {
         "haptics" : [
            {
               "output" : "/actions/farbridge_worlds/out/haptic",
               "path" : "/user/hand/left/output/haptic"
            },
            {
               "output" : "/actions/farbridge_worlds/out/haptic",
               "path" : "/user/hand/right/output/haptic"
            }
         ],
         "poses" : [
            {
               "output" : "/actions/farbridge_worlds/in/pose",
               "path" : "/user/hand/left/pose/raw"
            },
            {
               "output" : "/actions/farbridge_worlds/in/pose",
               "path" : "/user/hand/right/pose/raw"
            },
            {
               "output" : "none",
               "path" : "/user/hand/left/pose/handgrip"
            },
            {
               "output" : "none",
               "path" : "/user/hand/right/pose/handgrip"
            },
            {
               "output" : "none",
               "path" : "/user/hand/left/pose/tip"
            },
            {
               "output" : "none",
               "path" : "/user/hand/right/pose/tip"
            }
         ],
         "sources" : [
            {
               "inputs" : {
                  "click" : {
                     "output" : "/actions/farbridge_worlds/in/menu button"
                  }
               },
               "mode" : "button",
               "path" : "/user/hand/left/input/application_menu"
            },
            {
               "inputs" : {
                  "click" : {
                     "output" : "/actions/farbridge_worlds/in/menu button"
                  }
               },
               "mode" : "button",
               "path" : "/user/hand/right/input/application_menu"
            },
            {
               "inputs" : {
                  "pull" : {
                     "output" : "/actions/farbridge_worlds/in/index axis"
                  }
               },
               "mode" : "trigger",
               "path" : "/user/hand/left/input/trigger"
            },
            {
               "inputs" : {
                  "pull" : {
                     "output" : "/actions/farbridge_worlds/in/index axis"
                  }
               },
               "mode" : "trigger",
               "path" : "/user/hand/right/input/trigger"
            },
            {
               "inputs" : {
                  "click" : {
                     "output" : "/actions/farbridge_worlds/in/thumb button"
                  },
                  "position" : {
                     "output" : "/actions/farbridge_worlds/in/thumb position"
                  },
                  "touch" : {
                     "output" : "/actions/farbridge_worlds/in/thumb touch"
                  }
               },
               "mode" : "trackpad",
               "path" : "/user/hand/left/input/trackpad"
            },
            {
               "inputs" : {
                  "click" : {
                     "output" : "/actions/farbridge_worlds/in/thumb button"
                  },
                  "position" : {
                     "output" : "/actions/farbridge_worlds/in/thumb position"
                  },
                  "touch" : {
                     "output" : "/actions/farbridge_worlds/in/thumb touch"
                  }
               },
               "mode" : "trackpad",
               "path" : "/user/hand/right/input/trackpad"
            },
            {
               "inputs" : {
                  "east" : {
                     "output" : "/actions/farbridge_worlds/in/right button"
                  },
                  "north" : {
                     "output" : "/actions/farbridge_worlds/in/up button"
                  },
                  "south" : {
                     "output" : "/actions/farbridge_worlds/in/down button"
                  },
                  "west" : {
                     "output" : "/actions/farbridge_worlds/in/left button"
                  }
               },
               "mode" : "dpad",
               "parameters" : {
                  "sub_mode" : "click"
               },
               "path" : "/user/hand/left/input/trackpad"
            },
            {
               "inputs" : {
                  "east" : {
                     "output" : "/actions/farbridge_worlds/in/right button"
                  },
                  "north" : {
                     "output" : "/actions/farbridge_worlds/in/up button"
                  },
                  "south" : {
                     "output" : "/actions/farbridge_worlds/in/down button"
                  },
                  "west" : {
                     "output" : "/actions/farbridge_worlds/in/left button"
                  }
               },
               "mode" : "dpad",
               "parameters" : {
                  "sub_mode" : "click"
               },
               "path" : "/user/hand/right/input/trackpad"
            },
            {
               "inputs" : {
                  "click" : {
                     "output" : "/actions/farbridge_worlds/in/system button"
                  }
               },
               "mode" : "button",
               "path" : "/user/hand/left/input/system"
            },
            {
               "inputs" : {
                  "click" : {
                     "output" : "/actions/farbridge_worlds/in/system button"
                  }
               },
               "mode" : "button",
               "path" : "/user/hand/right/input/system"
            },
            {
               "inputs" : {
                  "click" : {
                     "output" : "/actions/farbridge_worlds/in/primary button"
                  },
                  "touch" : {
                     "output" : "/actions/farbridge_worlds/in/primary touch"
                  }
               },
               "mode" : "button",
               "path" : "/user/hand/left/input/trackpad"
            },
            {
               "inputs" : {
                  "click" : {
                     "output" : "/actions/farbridge_worlds/in/primary button"
                  },
                  "touch" : {
                     "output" : "/actions/farbridge_worlds/in/primary touch"
                  }
               },
               "mode" : "button",
               "path" : "/user/hand/right/input/trackpad"
            },
            {
               "inputs" : {
                  "click" : {
                     "output" : "/actions/farbridge_worlds/in/secondary button"
                  }
               },
               "mode" : "button",
               "path" : "/user/hand/left/input/application_menu"
            },
            {
               "inputs" : {
                  "click" : {
                     "output" : "/actions/farbridge_worlds/in/secondary button"
                  }
               },
               "mode" : "button",
               "path" : "/user/hand/right/input/application_menu"
            },
            {
               "inputs" : {
                  "click" : {
                     "output" : "/actions/farbridge_worlds/in/back button"
                  }
               },
               "mode" : "button",
               "path" : "/user/hand/left/input/application_menu"
            },
            {
               "inputs" : {
                  "click" : {
                     "output" : "/actions/farbridge_worlds/in/back button"
                  }
               },
               "mode" : "button",
               "path" : "/user/hand/right/input/application_menu"
            },
            {
               "inputs" : {
                  "click" : {
                     "output" : "/actions/farbridge_worlds/in/index button"
                  }
               },
               "mode" : "button",
               "parameters" : {
                  "force_input" : "value"
               },
               "path" : "/user/hand/left/input/trigger"
            },
            {
               "inputs" : {
                  "click" : {
                     "output" : "/actions/farbridge_worlds/in/index button"
                  }
               },
               "mode" : "button",
               "parameters" : {
                  "force_input" : "value"
               },
               "path" : "/user/hand/right/input/trigger"
            },
            {
               "inputs" : {
                  "pull" : {
                     "output" : "/actions/farbridge_worlds/in/index axis"
                  },
                  "touch" : {
                     "output" : "/actions/farbridge_worlds/in/index touch"
                  }
               },
               "mode" : "trigger",
               "path" : "/user/hand/left/input/finger/index"
            },
            {
               "inputs" : {
                  "pull" : {
                     "output" : "/actions/farbridge_worlds/in/index axis"
                  },
                  "touch" : {
                     "output" : "/actions/farbridge_worlds/in/index touch"
                  }
               },
               "mode" : "trigger",
               "path" : "/user/hand/right/input/finger/index"
            },
            {
               "inputs" : {
                  "position" : {
                     "output" : "/actions/farbridge_worlds/in/thumb position"
                  }
               },
               "mode" : "trackpad",
               "path" : "/user/hand/left/input/thumbpad"
            },
            {
               "inputs" : {
                  "position" : {
                     "output" : "/actions/farbridge_worlds/in/thumb position"
                  }
               },
               "mode" : "trackpad",
               "path" : "/user/hand/right/input/thumbpad"
            },
            {
               "inputs" : {
                  "double" : {
                     "output" : "/actions/farbridge_worlds/in/secondary button"
                  }
               },
               "mode" : "button",
               "path" : "/user/hand/left/input/finger/thumb"
            },
            {
               "inputs" : {
                  "double" : {
                     "output" : "/actions/farbridge_worlds/in/secondary button"
                  }
               },
               "mode" : "button",
               "path" : "/user/hand/right/input/finger/thumb"
            },
            {
               "inputs" : {
                  "click" : {
                     "output" : "/actions/farbridge_worlds/in/index button"
                  }
               },
               "mode" : "button",
               "path" : "/user/hand/left/input/pinch"
            },
            {
               "inputs" : {
                  "click" : {
                     "output" : "/actions/farbridge_worlds/in/index button"
                  }
               },
               "mode" : "button",
               "path" : "/user/hand/right/input/pinch"
            },
            {
               "inputs" : {
                  "double" : {
                     "output" : "/actions/farbridge_worlds/in/primary button"
                  }
               },
               "mode" : "button",
               "path" : "/user/hand/left/input/proximity"
            },
            {
               "inputs" : {
                  "double" : {
                     "output" : "/actions/farbridge_worlds/in/primary button"
                  }
               },
               "mode" : "button",
               "path" : "/user/hand/right/input/proximity"
            },
            {
               "inputs" : {
                  "click" : {
                     "output" : "/actions/farbridge_worlds/in/grip button"
                  }
               },
               "mode" : "button",
               "path" : "/user/hand/left/input/pinch"
            },
            {
               "inputs" : {
                  "click" : {
                     "output" : "/actions/farbridge_worlds/in/grip button"
                  }
               },
               "mode" : "button",
               "path" : "/user/hand/right/input/pinch"
            },
            {
               "inputs" : {
                  "pull" : {
                     "output" : "/actions/farbridge_worlds/in/squeeze_axis"
                  }
               },
               "mode" : "trigger",
               "path" : "/user/hand/left/input/grip"
            },
            {
               "inputs" : {
                  "pull" : {
                     "output" : "/actions/farbridge_worlds/in/squeeze_axis"
                  }
               },
               "mode" : "trigger",
               "path" : "/user/hand/right/input/grip"
            }
         ]
      },
      "/actions/helloworlds" : {
         "chords" : [],
         "haptics" : [],
         "poses" : [],
         "skeleton" : [],
         "sources" : []
      },
      "/actions/platformer" : {
         "chords" : [],
         "haptics" : [],
         "poses" : [],
         "skeleton" : [],
         "sources" : [
            {
               "inputs" : {
                  "click" : {
                     "output" : "/actions/platformer/in/jump"
                  }
               },
               "mode" : "button",
               "path" : "/user/hand/left/input/trackpad"
            },
            {
               "inputs" : {
                  "click" : {
                     "output" : "/actions/platformer/in/jump"
                  }
               },
               "mode" : "button",
               "path" : "/user/hand/right/input/trackpad"
            },
            {
               "inputs" : {
                  "position" : {
                     "output" : "/actions/platformer/in/move"
                  }
               },
               "mode" : "trackpad",
               "path" : "/user/hand/left/input/trackpad"
            },
            {
               "inputs" : {
                  "position" : {
                     "output" : "/actions/platformer/in/move"
                  }
               },
               "mode" : "trackpad",
               "path" : "/user/hand/right/input/trackpad"
            },
            {
               "inputs" : {
                  "position" : {
                     "output" : "/actions/platformer/in/move"
                  }
               },
               "mode" : "trackpad",
               "path" : "/user/hand/left/input/thumbpad"
            },
            {
               "inputs" : {
                  "position" : {
                     "output" : "/actions/platformer/in/move"
                  }
               },
               "mode" : "trackpad",
               "path" : "/user/hand/right/input/thumbpad"
            },
            {
               "inputs" : {
                  "click" : {
                     "output" : "/actions/platformer/in/jump"
                  }
               },
               "mode" : "button",
               "path" : "/user/hand/left/input/pinch"
            },
            {
               "inputs" : {
                  "click" : {
                     "output" : "/actions/platformer/in/jump"
                  }
               },
               "mode" : "button",
               "path" : "/user/hand/right/input/pinch"
            }
         ]
      }
   },
   "category" : "steamvr_input",
   "controller_type" : "etee_controller",
   "description" : "Version 2_3: Default binding for applications built with FarBridge Worlds",
   "interaction_profile" : "",
   "name" : "Default bindings for etee Controller in Walkabout Mini Golf",
   "options" : {},
   "simulated_actions" : []
}
