{
   "action_manifest_version" : 0,
   "alias_info" : {},
   "app_key" : "steam.app.450390",
   "bindings" : {
      "/actions/default" : {
         "haptics" : [
            {
               "output" : "/actions/default/out/haptic",
               "path" : "/user/hand/left/output/haptic"
            },
            {
               "output" : "/actions/default/out/haptic",
               "path" : "/user/hand/right/output/haptic"
            }
         ],
         "poses" : [
            {
               "output" : "/actions/default/in/pose",
               "path" : "/user/hand/left/pose/raw"
            },
            {
               "output" : "/actions/default/in/pose",
               "path" : "/user/hand/right/pose/raw"
            },
            {
               "output" : "none",
               "path" : "/user/hand/left/pose/vrchat"
            },
            {
               "output" : "none",
               "path" : "/user/hand/right/pose/vrchat"
            }
         ],
         "skeleton" : [
            {
               "output" : "/actions/default/in/skeletonlefthand",
               "path" : "/user/hand/left/input/skeleton/left"
            },
            {
               "output" : "/actions/default/in/skeletonrighthand",
               "path" : "/user/hand/right/input/skeleton/right"
            }
         ],
         "sources" : [
            {
               "inputs" : {
                  "click" : {
                     "output" : "/actions/default/in/interactui"
                  }
               },
               "mode" : "trigger",
               "path" : "/user/hand/left/input/pinch"
            },
            {
               "inputs" : {
                  "click" : {
                     "output" : "/actions/default/in/interactui"
                  }
               },
               "mode" : "trigger",
               "path" : "/user/hand/right/input/pinch"
            },
            {
               "inputs" : {
                  "click" : {
                     "output" : "/actions/default/in/grabpinch"
                  }
               },
               "mode" : "button",
               "path" : "/user/hand/left/input/pinch"
            },
            {
               "inputs" : {
                  "click" : {
                     "output" : "/actions/default/in/grabpinch"
                  }
               },
               "mode" : "button",
               "path" : "/user/hand/right/input/pinch"
            },
            {
               "inputs" : {
                  "double" : {
                     "output" : "/actions/default/in/menu"
                  }
               },
               "mode" : "button",
               "path" : "/user/hand/left/input/proximity"
            },
            {
               "inputs" : {
                  "double" : {
                     "output" : "/actions/default/in/menu"
                  }
               },
               "mode" : "button",
               "path" : "/user/hand/right/input/proximity"
            },
            {
               "inputs" : {
                  "force" : {
                     "output" : "/actions/default/in/squeeze"
                  }
               },
               "mode" : "force_sensor",
               "path" : "/user/hand/right/input/grip"
            },
            {
               "inputs" : {
                  "force" : {
                     "output" : "/actions/default/in/squeeze"
                  }
               },
               "mode" : "force_sensor",
               "path" : "/user/hand/left/input/grip"
            },
            {
               "inputs" : {
                  "grab" : {
                     "output" : "/actions/default/in/grabgrip"
                  }
               },
               "mode" : "grab",
               "path" : "/user/hand/right/input/grip"
            },
            {
               "inputs" : {},
               "mode" : "none",
               "path" : "/user/hand/right/input/grip"
            },
            {
               "inputs" : {
                  "click" : {
                     "output" : "/actions/default/in/grabgrip"
                  }
               },
               "mode" : "button",
               "path" : "/user/hand/left/input/grip"
            }
         ]
      },
      "/actions/legacy" : {
         "haptics" : [
            {
               "output" : "/actions/legacy/out/left_haptic",
               "path" : "/user/hand/left/output/haptic"
            },
            {
               "output" : "/actions/legacy/out/right_haptic",
               "path" : "/user/hand/right/output/haptic"
            }
         ],
         "poses" : [
            {
               "output" : "/actions/legacy/in/Left_Pose",
               "path" : "/user/hand/left/pose/raw"
            },
            {
               "output" : "/actions/legacy/in/Right_Pose",
               "path" : "/user/hand/right/pose/raw"
            }
         ],
         "sources" : [
            {
               "inputs" : {
                  "click" : {
                     "output" : "/actions/legacy/in/left_system_press"
                  }
               },
               "mode" : "button",
               "path" : "/user/hand/left/input/system"
            },
            {
               "inputs" : {
                  "click" : {
                     "output" : "/actions/legacy/in/left_axis1_press"
                  },
                  "pull" : {
                     "output" : "/actions/legacy/in/left_axis1_value"
                  },
                  "touch" : {
                     "output" : "/actions/legacy/in/left_axis1_touch"
                  }
               },
               "mode" : "trigger",
               "parameters" : {
                  "haptic_amplitude" : "0"
               },
               "path" : "/user/hand/left/input/index"
            },
            {
               "inputs" : {
                  "click" : {
                     "output" : "/actions/legacy/in/right_system_press"
                  }
               },
               "mode" : "button",
               "path" : "/user/hand/right/input/system"
            },
            {
               "inputs" : {
                  "click" : {
                     "output" : "/actions/legacy/in/right_grip_press"
                  }
               },
               "mode" : "button",
               "path" : "/user/hand/right/input/grip"
            },
            {
               "inputs" : {
                  "click" : {
                     "output" : "/actions/legacy/in/left_grip_press"
                  }
               },
               "mode" : "button",
               "path" : "/user/hand/left/input/grip"
            },
            {
               "inputs" : {
                  "click" : {
                     "output" : "/actions/legacy/in/left_applicationmenu_press"
                  }
               },
               "mode" : "button",
               "path" : "/user/hand/left/input/proximity"
            },
            {
               "inputs" : {
                  "click" : {
                     "output" : "/actions/legacy/in/right_applicationmenu_press"
                  }
               },
               "mode" : "button",
               "path" : "/user/hand/right/input/proximity"
            },
            {
               "inputs" : {
                  "click" : {
                     "output" : "/actions/legacy/in/left_axis0_press"
                  },
                  "position" : {
                     "output" : "/actions/legacy/in/left_axis0_value"
                  },
                  "touch" : {
                     "output" : "/actions/legacy/in/left_axis0_touch"
                  }
               },
               "mode" : "trackpad",
               "path" : "/user/hand/left/input/thumbpad"
            },
            {
               "inputs" : {
                  "click" : {
                     "output" : "/actions/legacy/in/right_axis0_press"
                  },
                  "position" : {
                     "output" : "/actions/legacy/in/right_axis0_value"
                  },
                  "touch" : {
                     "output" : "/actions/legacy/in/right_axis0_touch"
                  }
               },
               "mode" : "trackpad",
               "path" : "/user/hand/right/input/thumbpad"
            },
            {
               "inputs" : {
                  "click" : {
                     "output" : "/actions/legacy/in/right_axis1_press"
                  },
                  "pull" : {
                     "output" : "/actions/legacy/in/right_axis1_value"
                  },
                  "touch" : {
                     "output" : "/actions/legacy/in/right_axis1_touch"
                  }
               },
               "mode" : "trigger",
               "parameters" : {
                  "haptic_amplitude" : "0"
               },
               "path" : "/user/hand/right/input/index"
            },
            {
               "inputs" : {
                  "position" : {
                     "output" : "/actions/legacy/in/left_axis2_value2"
                  }
               },
               "mode" : "joystick",
               "path" : "/user/hand/left/input/thumbpad"
            },
            {
               "inputs" : {
                  "position" : {
                     "output" : "/actions/legacy/in/right_axis2_value2"
                  }
               },
               "mode" : "joystick",
               "path" : "/user/hand/right/input/joystick"
            },
            {
               "inputs" : {},
               "mode" : "none",
               "path" : "/user/hand/right/input/skeleton/right"
            },
            {
               "inputs" : {},
               "mode" : "trackpad",
               "path" : "/user/hand/right/input/thumbpad"
            }
         ]
      },
      "/actions/longbow" : {
         "sources" : [
            {
               "inputs" : {
                  "click" : {
                     "output" : "/actions/longbow/in/nockarrow"
                  }
               },
               "mode" : "button",
               "path" : "/user/hand/left/input/pinch"
            },
            {
               "inputs" : {
                  "click" : {
                     "output" : "/actions/longbow/in/nockarrow"
                  }
               },
               "mode" : "button",
               "path" : "/user/hand/right/input/pinch"
            },
            {
               "inputs" : {
                  "click" : {
                     "output" : "/actions/longbow/in/dropbow"
                  }
               },
               "mode" : "button",
               "path" : "/user/hand/left/input/grip"
            },
            {
               "inputs" : {
                  "click" : {
                     "output" : "/actions/longbow/in/dropbow"
                  }
               },
               "mode" : "button",
               "path" : "/user/hand/right/input/grip"
            },
            {
               "inputs" : {
                  "click" : {
                     "output" : "/actions/longbow/in/nockarrow"
                  }
               },
               "mode" : "button",
               "path" : "/user/hand/left/input/finger/index"
            },
            {
               "inputs" : {
                  "click" : {
                     "output" : "/actions/longbow/in/nockarrow"
                  }
               },
               "mode" : "button",
               "path" : "/user/hand/right/input/finger/index"
            }
         ]
      },
      "/actions/mixedreality" : {
         "sources" : []
      },
      "/actions/movement" : {
         "chords" : [
            {
               "inputs" : [
                  [ "/user/hand/left/input/point_independent", "click" ],
                  [ "/user/hand/left/input/thumbpad", "west" ]
               ],
               "output" : "/actions/movement/in/snapturnleft"
            },
            {
               "inputs" : [
                  [ "/user/hand/right/input/point_independent", "click" ],
                  [ "/user/hand/right/input/thumbpad", "west" ]
               ],
               "output" : "/actions/movement/in/snapturnleft"
            },
            {
               "inputs" : [
                  [ "/user/hand/left/input/point_independent", "click" ],
                  [ "/user/hand/left/input/thumbpad", "east" ]
               ],
               "output" : "/actions/movement/in/snapturnright"
            },
            {
               "inputs" : [
                  [ "/user/hand/right/input/point_independent", "click" ],
                  [ "/user/hand/right/input/thumbpad", "east" ]
               ],
               "output" : "/actions/movement/in/snapturnright"
            },
            {
               "inputs" : [
                  [ "/user/hand/left/input/point_independent", "click" ],
                  [ "/user/hand/left/input/slider_up", "click" ]
               ],
               "output" : "/actions/movement/in/teleport"
            },
            {
               "inputs" : [
                  [ "/user/hand/right/input/point_independent", "click" ],
                  [ "/user/hand/right/input/slider_up", "click" ]
               ],
               "output" : "/actions/movement/in/teleport"
            }
         ],
         "poses" : [
            {
               "output" : "/actions/movement/in/teleportpose",
               "path" : "/user/hand/left/pose/tip"
            },
            {
               "output" : "/actions/movement/in/teleportpose",
               "path" : "/user/hand/right/pose/tip"
            }
         ],
         "sources" : [
            {
               "inputs" : {},
               "mode" : "dpad",
               "parameters" : {
                  "sub_mode" : "touch"
               },
               "path" : "/user/hand/left/input/thumbpad"
            },
            {
               "inputs" : {},
               "mode" : "dpad",
               "parameters" : {
                  "sub_mode" : "touch"
               },
               "path" : "/user/hand/right/input/thumbpad"
            },
            {
               "inputs" : {},
               "mode" : "button",
               "path" : "/user/hand/left/input/point_independent"
            },
            {
               "inputs" : {},
               "mode" : "button",
               "path" : "/user/hand/right/input/point_independent"
            },
            {
               "inputs" : {},
               "mode" : "button",
               "path" : "/user/hand/left/input/finger/thumb"
            },
            {
               "inputs" : {},
               "mode" : "button",
               "path" : "/user/hand/right/input/finger/thumb"
            },
            {
               "inputs" : {},
               "mode" : "button",
               "path" : "/user/hand/left/input/slider_up"
            },
            {
               "inputs" : {},
               "mode" : "button",
               "path" : "/user/hand/right/input/slider_up"
            }
         ]
      },
      "/actions/slingshotadjust" : {
         "sources" : [
            {
               "inputs" : {
                  "east" : {
                     "output" : "/actions/slingshotadjust/in/buttonlower"
                  },
                  "north" : {
                     "output" : "/actions/slingshotadjust/in/buttonraise"
                  }
               },
               "mode" : "dpad",
               "parameters" : {
                  "sub_mode" : "click"
               },
               "path" : "/user/hand/left/input/thumbpad"
            },
            {
               "inputs" : {
                  "east" : {
                     "output" : "/actions/slingshotadjust/in/buttonlower"
                  },
                  "north" : {
                     "output" : "/actions/slingshotadjust/in/buttonraise"
                  }
               },
               "mode" : "dpad",
               "parameters" : {
                  "sub_mode" : "click"
               },
               "path" : "/user/hand/right/input/thumbpad"
            }
         ]
      },
      "/actions/tool" : {
         "sources" : [
            {
               "inputs" : {
                  "pull" : {
                     "output" : "/actions/tool/in/triggerpos"
                  }
               },
               "mode" : "trigger",
               "path" : "/user/hand/left/input/pinch"
            },
            {
               "inputs" : {
                  "click" : {
                     "output" : "/actions/tool/in/trigger"
                  }
               },
               "mode" : "button",
               "path" : "/user/hand/left/input/pinch"
            },
            {
               "inputs" : {
                  "position" : {
                     "output" : "/actions/tool/in/scrollpos"
                  }
               },
               "mode" : "trackpad",
               "path" : "/user/hand/left/input/thumbpad"
            },
            {
               "inputs" : {
                  "double" : {
                     "output" : "/actions/tool/in/toolbutton"
                  }
               },
               "mode" : "button",
               "path" : "/user/hand/left/input/sliderUp"
            },
            {
               "inputs" : {
                  "double" : {
                     "output" : "/actions/tool/in/radialmenutouch"
                  }
               },
               "mode" : "button",
               "path" : "/user/hand/left/input/sliderDown"
            },
            {
               "inputs" : {
                  "pull" : {
                     "output" : "/actions/tool/in/triggerpos"
                  }
               },
               "mode" : "trigger",
               "path" : "/user/hand/right/input/pinch"
            },
            {
               "inputs" : {
                  "click" : {
                     "output" : "/actions/tool/in/trigger"
                  }
               },
               "mode" : "button",
               "path" : "/user/hand/right/input/pinch"
            },
            {
               "inputs" : {
                  "double" : {
                     "output" : "/actions/tool/in/radialmenutouch"
                  }
               },
               "mode" : "button",
               "path" : "/user/hand/right/input/sliderDown"
            },
            {
               "inputs" : {
                  "double" : {
                     "output" : "/actions/tool/in/toolbutton"
                  }
               },
               "mode" : "button",
               "path" : "/user/hand/right/input/sliderUp"
            },
            {
               "inputs" : {
                  "position" : {
                     "output" : "/actions/tool/in/scrollpos"
                  }
               },
               "mode" : "trackpad",
               "path" : "/user/hand/right/input/thumbpad"
            },
            {
               "inputs" : {
                  "position" : {
                     "output" : "/actions/tool/in/radialmenupos"
                  }
               },
               "mode" : "trackpad",
               "path" : "/user/hand/right/input/thumbpad"
            },
            {
               "inputs" : {
                  "double" : {
                     "output" : "/actions/tool/in/toolbutton"
                  }
               },
               "mode" : "button",
               "path" : "/user/hand/left/input/slider_up"
            },
            {
               "inputs" : {
                  "double" : {
                     "output" : "/actions/tool/in/toolbutton"
                  }
               },
               "mode" : "button",
               "path" : "/user/hand/right/input/slider_up"
            },
            {
               "inputs" : {
                  "double" : {
                     "output" : "/actions/tool/in/radialmenutouch"
                  }
               },
               "mode" : "button",
               "path" : "/user/hand/left/input/slider_down"
            },
            {
               "inputs" : {
                  "double" : {
                     "output" : "/actions/tool/in/scrolltouch"
                  }
               },
               "mode" : "button",
               "path" : "/user/hand/right/input/slider_down"
            },
            {
               "inputs" : {
                  "position" : {
                     "output" : "/actions/tool/in/radialmenupos"
                  }
               },
               "mode" : "trackpad",
               "path" : "/user/hand/left/input/thumbpad"
            }
         ]
      },
      "/actions/xortex" : {
         "poses" : [
            {
               "output" : "none",
               "path" : "/user/hand/left/pose/raw"
            },
            {
               "output" : "/actions/xortex/in/shippose",
               "path" : "/user/hand/right/pose/raw"
            },
            {
               "output" : "/actions/xortex/in/shippose",
               "path" : "/user/hand/left/pose/tip"
            },
            {
               "output" : "/actions/xortex/in/shippose",
               "path" : "/user/hand/right/pose/tip"
            }
         ],
         "sources" : [
            {
               "inputs" : {
                  "click" : {
                     "output" : "/actions/xortex/in/chargedattack"
                  }
               },
               "mode" : "trigger",
               "path" : "/user/hand/left/input/thumbpad"
            },
            {
               "inputs" : {
                  "click" : {
                     "output" : "/actions/xortex/in/chargedattack"
                  }
               },
               "mode" : "trigger",
               "path" : "/user/hand/right/input/thumbpad"
            },
            {
               "inputs" : {
                  "click" : {
                     "output" : "/actions/xortex/in/chargedattack"
                  }
               },
               "mode" : "trigger",
               "path" : "/user/hand/left/input/pinch"
            },
            {
               "inputs" : {
                  "click" : {
                     "output" : "/actions/xortex/in/chargedattack"
                  }
               },
               "mode" : "trigger",
               "path" : "/user/hand/right/input/pinch"
            }
         ]
      }
   },
   "category" : "steamvr_input",
   "controller_type" : "etee_controller",
   "description" : "Official The Lab bindings for etee Controllers. While in-game, press the System Button and select 'Show Controls' in the bottom left to view controller layout.",
   "interaction_profile" : "",
   "name" : "[AVR VIVE TRACKER] Default The Lab configuration for etee Controller V3_1",
   "options" : {
      "mirror_actions" : false,
      "simulate_rendermodel" : true,
      "simulated_controller_type" : "knuckles"
   },
   "simulated_actions" : []
}
