{
   "action_manifest_version" : 0,
   "alias_info" : {},
   "app_key" : "steam.app.629730",
   "bindings" : {
      "/actions/buggy" : {
         "chords" : [],
         "haptics" : [],
         "poses" : [],
         "skeleton" : [],
         "sources" : []
      },
      "/actions/default" : {
         "chords" : [
            {
               "inputs" : [
                  [ "/user/hand/left/input/point_independent", "single" ],
                  [ "/user/hand/left/input/slider_up", "held" ]
               ],
               "output" : "/actions/default/in/jump"
            }
         ],
         "haptics" : [
            {
               "output" : "/actions/default/out/haptic",
               "path" : "/user/hand/left/output/haptic"
            },
            {
               "output" : "/actions/default/out/haptic",
               "path" : "/user/hand/right/output/haptic"
            }
         ],
         "poses" : [
            {
               "output" : "/actions/default/in/pose",
               "path" : "/user/hand/left/pose/raw"
            },
            {
               "output" : "/actions/default/in/pose",
               "path" : "/user/hand/right/pose/raw"
            }
         ],
         "skeleton" : [
            {
               "output" : "/actions/default/in/skeletonlefthand",
               "path" : "/user/hand/left/input/skeleton/left"
            },
            {
               "output" : "/actions/default/in/skeletonrighthand",
               "path" : "/user/hand/right/input/skeleton/right"
            }
         ],
         "sources" : [
            {
               "inputs" : {
                  "grab" : {
                     "output" : "/actions/default/in/grabgrip"
                  }
               },
               "mode" : "grab",
               "parameters" : {
                  "downgrade_speed" : "10",
                  "force_hold_threshold" : "0.15",
                  "force_release_threshold" : "0.5",
                  "value_release_threshold" : "0.55"
               },
               "path" : "/user/hand/left/input/grip"
            },
            {
               "inputs" : {
                  "click" : {
                     "output" : "/actions/default/in/movepress"
                  },
                  "position" : {
                     "output" : "/actions/default/in/move"
                  }
               },
               "mode" : "trackpad",
               "path" : "/user/hand/left/input/thumbpad"
            },
            {
               "inputs" : {
                  "grab" : {
                     "output" : "/actions/default/in/grabgrip"
                  }
               },
               "mode" : "grab",
               "parameters" : {
                  "downgrade_speed" : "10",
                  "force_hold_threshold" : "0.15",
                  "force_release_threshold" : "0.5",
                  "value_release_threshold" : "0.55"
               },
               "path" : "/user/hand/right/input/grip"
            },
            {
               "inputs" : {
                  "click" : {
                     "output" : "/actions/default/in/turnpress"
                  },
                  "position" : {
                     "output" : "/actions/default/in/turn"
                  }
               },
               "mode" : "trackpad",
               "parameters" : {
                  "deadzone_pct" : "0",
                  "maxzone_pct" : "85"
               },
               "path" : "/user/hand/right/input/thumbpad"
            },
            {
               "inputs" : {
                  "force" : {
                     "output" : "/actions/default/in/alternateuse"
                  }
               },
               "mode" : "force_sensor",
               "path" : "/user/hand/right/input/thumbpad"
            },
            {
               "inputs" : {
                  "pull" : {
                     "output" : "/actions/default/in/use"
                  }
               },
               "mode" : "trigger",
               "path" : "/user/hand/left/input/pinch"
            },
            {
               "inputs" : {
                  "pull" : {
                     "output" : "/actions/default/in/cast"
                  }
               },
               "mode" : "trigger",
               "path" : "/user/hand/left/input/pinch"
            },
            {
               "inputs" : {
                  "pull" : {
                     "output" : "/actions/default/in/use"
                  }
               },
               "mode" : "trigger",
               "path" : "/user/hand/right/input/pinch"
            },
            {
               "inputs" : {
                  "pull" : {
                     "output" : "/actions/default/in/cast"
                  }
               },
               "mode" : "trigger",
               "path" : "/user/hand/right/input/pinch"
            },
            {
               "inputs" : {
                  "pull" : {
                     "output" : "/actions/default/in/telekinesispull"
                  }
               },
               "mode" : "trigger",
               "path" : "/user/hand/left/input/pinch"
            },
            {
               "inputs" : {
                  "pull" : {
                     "output" : "/actions/default/in/telekinesispull"
                  }
               },
               "mode" : "trigger",
               "path" : "/user/hand/right/input/pinch"
            },
            {
               "inputs" : {
                  "force" : {
                     "output" : "/actions/default/in/telekinesisrepel"
                  }
               },
               "mode" : "force_sensor",
               "path" : "/user/hand/left/input/thumbpad"
            },
            {
               "inputs" : {
                  "force" : {
                     "output" : "/actions/default/in/telekinesisrepel"
                  }
               },
               "mode" : "force_sensor",
               "path" : "/user/hand/right/input/thumbpad"
            },
            {
               "inputs" : {
                  "force" : {
                     "output" : "/actions/default/in/gripaxis"
                  }
               },
               "mode" : "force_sensor",
               "path" : "/user/hand/left/input/grip"
            },
            {
               "inputs" : {
                  "force" : {
                     "output" : "/actions/default/in/gripaxis"
                  }
               },
               "mode" : "force_sensor",
               "path" : "/user/hand/right/input/grip"
            },
            {
               "inputs" : {
                  "double" : {
                     "output" : "/actions/default/in/slowtime"
                  },
                  "touch" : {
                     "output" : "/actions/default/in/spellselector"
                  }
               },
               "mode" : "button",
               "path" : "/user/hand/left/input/proximity"
            },
            {
               "inputs" : {
                  "double" : {
                     "output" : "/actions/default/in/menu"
                  },
                  "touch" : {
                     "output" : "/actions/default/in/spellselector"
                  }
               },
               "mode" : "button",
               "path" : "/user/hand/right/input/proximity"
            },
            {
               "inputs" : {
                  "click" : {
                     "output" : "/actions/default/in/clickui"
                  }
               },
               "mode" : "button",
               "path" : "/user/hand/left/input/slider"
            },
            {
               "inputs" : {
                  "click" : {
                     "output" : "/actions/default/in/clickui"
                  }
               },
               "mode" : "button",
               "path" : "/user/hand/right/input/slider"
            },
            {
               "inputs" : {
                  "scroll" : {
                     "output" : "/actions/default/in/telekinesisaxis"
                  }
               },
               "mode" : "scroll",
               "path" : "/user/hand/left/input/slider"
            },
            {
               "inputs" : {
                  "scroll" : {
                     "output" : "/actions/default/in/telekinesisaxis"
                  }
               },
               "mode" : "scroll",
               "path" : "/user/hand/right/input/slider"
            },
            {
               "inputs" : {
                  "click" : {
                     "output" : "/actions/default/in/clickui"
                  }
               },
               "mode" : "button",
               "path" : "/user/hand/left/input/pinch"
            },
            {
               "inputs" : {
                  "double" : {
                     "output" : "/actions/default/in/kick"
                  }
               },
               "mode" : "button",
               "path" : "/user/hand/left/input/finger/thumb"
            },
            {
               "inputs" : {
                  "double" : {
                     "output" : "/actions/default/in/kick"
                  }
               },
               "mode" : "button",
               "path" : "/user/hand/right/input/finger/thumb"
            },
            {
               "inputs" : {
                  "scroll" : {
                     "output" : "/actions/default/in/scrollui"
                  }
               },
               "mode" : "scroll",
               "path" : "/user/hand/left/input/slider"
            },
            {
               "inputs" : {
                  "scroll" : {
                     "output" : "/actions/default/in/scrollui"
                  }
               },
               "mode" : "scroll",
               "path" : "/user/hand/right/input/slider"
            },
            {
               "inputs" : {
                  "north" : {
                     "output" : "/actions/default/in/jump"
                  }
               },
               "mode" : "dpad",
               "parameters" : {
                  "deadzone_pct" : "85",
                  "overlap_pct" : "75",
                  "sticky" : "true",
                  "sub_mode" : "click"
               },
               "path" : "/user/hand/right/input/thumbpad"
            },
            {
               "inputs" : {
                  "click" : {
                     "output" : "/actions/default/in/clickui"
                  }
               },
               "mode" : "button",
               "path" : "/user/hand/right/input/pinch"
            },
            {
               "inputs" : {
                  "click" : {
                     "output" : "/actions/default/in/telekinesis"
                  }
               },
               "mode" : "button",
               "path" : "/user/hand/left/input/point_independent"
            },
            {
               "inputs" : {
                  "click" : {
                     "output" : "/actions/default/in/telekinesis"
                  }
               },
               "mode" : "button",
               "path" : "/user/hand/right/input/point_independent"
            }
         ]
      },
      "/actions/platformer" : {
         "chords" : [],
         "haptics" : [],
         "poses" : [],
         "skeleton" : [],
         "sources" : []
      }
   },
   "category" : "steamvr_input",
   "controller_type" : "etee_controller",
   "description" : "Official TG0 game bindings for etee Controllers. While in-game, press the System Button and select 'Show Controls' in the bottom left to view controller layout.",
   "interaction_profile" : "",
   "name" : "[ANY TRACKER] Default Blade & Sorcery configuration for etee Controller V3_1",
   "options" : {
      "compatibility_mode" : true,
      "simulate_hmd" : true,
      "simulate_rendermodel" : true,
      "simulated_controller_type" : "knuckles"
   },
   "simulated_actions" : []
}
