{
   "action_manifest_version" : 0,
   "alias_info" : {},
   "app_key" : "steam.app.520010",
   "bindings" : {
      "/actions/level_editor" : {
         "poses" : [
            {
               "output" : "/actions/level_editor/in/pose",
               "path" : "/user/hand/left/pose/raw"
            },
            {
               "output" : "/actions/level_editor/in/pose",
               "path" : "/user/hand/right/pose/raw"
            }
         ],
         "sources" : [
            {
               "inputs" : {
                  "pull" : {
                     "output" : "/actions/level_editor/in/selecttrigger"
                  }
               },
               "mode" : "trigger",
               "path" : "/user/hand/left/input/trigger"
            },
            {
               "inputs" : {
                  "pull" : {
                     "output" : "/actions/level_editor/in/selecttrigger"
                  }
               },
               "mode" : "trigger",
               "path" : "/user/hand/right/input/trigger"
            },
            {
               "inputs" : {
                  "click" : {
                     "output" : "/actions/level_editor/in/move"
                  }
               },
               "mode" : "button",
               "path" : "/user/hand/left/input/a"
            },
            {
               "inputs" : {
                  "click" : {
                     "output" : "/actions/level_editor/in/move"
                  }
               },
               "mode" : "button",
               "path" : "/user/hand/right/input/a"
            },
            {
               "inputs" : {
                  "click" : {
                     "output" : "/actions/level_editor/in/openmenu"
                  }
               },
               "mode" : "button",
               "path" : "/user/hand/left/input/b"
            },
            {
               "inputs" : {
                  "click" : {
                     "output" : "/actions/level_editor/in/openmenu"
                  }
               },
               "mode" : "button",
               "path" : "/user/hand/right/input/b"
            },
            {
               "inputs" : {
                  "click" : {
                     "output" : "/actions/level_editor/in/selectblock"
                  },
                  "position" : {
                     "output" : "/actions/level_editor/in/blockselection"
                  }
               },
               "mode" : "joystick",
               "path" : "/user/hand/left/input/thumbstick"
            },
            {
               "inputs" : {
                  "click" : {
                     "output" : "/actions/level_editor/in/selectblock"
                  },
                  "position" : {
                     "output" : "/actions/level_editor/in/blockselection"
                  }
               },
               "mode" : "joystick",
               "path" : "/user/hand/right/input/thumbstick"
            },
            {
               "inputs" : {
                  "click" : {
                     "output" : "/actions/level_editor/in/leftrotate"
                  }
               },
               "mode" : "button",
               "path" : "/user/hand/left/input/trackpad"
            },
            {
               "inputs" : {
                  "click" : {
                     "output" : "/actions/level_editor/in/rightrotate"
                  }
               },
               "mode" : "button",
               "path" : "/user/hand/right/input/trackpad"
            }
         ]
      },
      "/actions/main" : {
         "haptics" : [
            {
               "output" : "/actions/main/out/haptics",
               "path" : "/user/hand/left/output/haptic"
            },
            {
               "output" : "/actions/main/out/haptics",
               "path" : "/user/hand/right/output/haptic"
            }
         ],
         "poses" : [
            {
               "output" : "/actions/main/in/pose",
               "path" : "/user/hand/left/pose/raw"
            },
            {
               "output" : "/actions/main/in/pose",
               "path" : "/user/hand/right/pose/raw"
            }
         ],
         "skeleton" : [
            {
               "output" : "/actions/main/in/righthandskeleton",
               "path" : "/user/hand/left/input/skeleton/right"
            },
            {
               "output" : "/actions/main/in/righthandskeleton",
               "path" : "/user/hand/right/input/skeleton/right"
            },
            {
               "output" : "/actions/main/in/lefthandskeleton",
               "path" : "/user/hand/left/input/skeleton/left"
            }
         ],
         "sources" : [
            {
               "inputs" : {
                  "position" : {
                     "output" : "/actions/main/in/walkstick"
                  }
               },
               "mode" : "joystick",
               "path" : "/user/hand/left/input/thumbstick"
            },
            {
               "inputs" : {
                  "pull" : {
                     "output" : "/actions/main/in/grabtrigger"
                  }
               },
               "mode" : "trigger",
               "path" : "/user/hand/left/input/trigger"
            },
            {
               "inputs" : {
                  "click" : {
                     "output" : "/actions/main/in/walk"
                  }
               },
               "mode" : "button",
               "path" : "/user/hand/left/input/a"
            },
            {
               "inputs" : {
                  "click" : {
                     "output" : "/actions/main/in/openmenu"
                  }
               },
               "mode" : "button",
               "path" : "/user/hand/left/input/b"
            },
            {
               "inputs" : {
                  "force" : {
                     "output" : "/actions/main/in/crush"
                  }
               },
               "mode" : "force_sensor",
               "path" : "/user/hand/left/input/grip"
            },
            {
               "inputs" : {
                  "click" : {
                     "output" : "/actions/main/in/walk"
                  }
               },
               "mode" : "button",
               "path" : "/user/hand/right/input/a"
            },
            {
               "inputs" : {
                  "click" : {
                     "output" : "/actions/main/in/openmenu"
                  }
               },
               "mode" : "button",
               "path" : "/user/hand/right/input/b"
            },
            {
               "inputs" : {
                  "east" : {
                     "output" : "/actions/main/in/rotateright"
                  },
                  "west" : {
                     "output" : "/actions/main/in/rotateleft"
                  }
               },
               "mode" : "dpad",
               "parameters" : {
                  "sub_mode" : "touch"
               },
               "path" : "/user/hand/right/input/thumbstick"
            },
            {
               "inputs" : {
                  "pull" : {
                     "output" : "/actions/main/in/grabtrigger"
                  }
               },
               "mode" : "trigger",
               "path" : "/user/hand/right/input/trigger"
            },
            {
               "inputs" : {
                  "double" : {
                     "output" : "/actions/main/in/openmenu"
                  }
               },
               "mode" : "button",
               "path" : "/user/hand/left/input/proximity"
            },
            {
               "inputs" : {
                  "pull" : {
                     "output" : "/actions/main/in/grabtrigger"
                  }
               },
               "mode" : "trigger",
               "path" : "/user/hand/left/input/pinch"
            },
            {
               "inputs" : {
                  "position" : {
                     "output" : "/actions/main/in/walkstick"
                  }
               },
               "mode" : "trackpad",
               "path" : "/user/hand/left/input/thumbpad"
            },
            {
               "inputs" : {
                  "click" : {
                     "output" : "/actions/main/in/walk"
                  }
               },
               "mode" : "button",
               "path" : "/user/hand/left/input/pinch"
            },
            {
               "inputs" : {
                  "force" : {
                     "output" : "/actions/main/in/crush"
                  }
               },
               "mode" : "force_sensor",
               "path" : "/user/hand/right/input/grip"
            },
            {
               "inputs" : {
                  "pull" : {
                     "output" : "/actions/main/in/grabtrigger"
                  }
               },
               "mode" : "trigger",
               "path" : "/user/hand/right/input/pinch"
            },
            {
               "inputs" : {
                  "click" : {
                     "output" : "/actions/main/in/walk"
                  }
               },
               "mode" : "button",
               "path" : "/user/hand/right/input/pinch"
            },
            {
               "inputs" : {
                  "double" : {
                     "output" : "/actions/main/in/openmenu"
                  }
               },
               "mode" : "button",
               "path" : "/user/hand/right/input/proximity"
            },
            {
               "inputs" : {
                  "position" : {
                     "output" : "/actions/main/in/walkstick"
                  }
               },
               "mode" : "trackpad",
               "path" : "/user/hand/right/input/thumbpad"
            }
         ]
      }
   },
   "category" : "steamvr_input",
   "controller_type" : "etee_controller",
   "description" : "2022.07.20 binding release",
   "name" : "Default etee Controller bindings for Climbey",
   "options" : {
      "compatibility_mode" : true,
      "simulate_rendermodel" : true,
      "simulated_controller_type" : "knuckles"
   },
   "simulated_actions" : []
}
