{
  "to_controller_type" : "etee_controller",
  "layouts" : [
    {
      "priority" : 100,
      "from_controller_type" : "knuckles",
      "simulate_controller_type" : true,
      "simulate_render_model" : true,
      "simulate_HMD" : true,
      "autoremappings" : [
        {
          "from": "/user/hand/left/input/system",
          "to": "/user/hand/left/input/system"
        },
        {
          "from": "/user/hand/left/input/a",
          "to": "/user/hand/left/input/slider_up"
        },
        {
          "from": "/user/hand/left/input/b",
          "to": "/user/hand/left/input/slider_down"
        },
        {
          "from": "/user/hand/left/input/trigger",
          "to": "/user/hand/left/input/pinch"
        },
        {
          "from": "/user/hand/left/input/trackpad",
          "to":  "/user/hand/left/input/thumbpad"
        },
        {
          "from": "/user/hand/left/input/grip",
          "to": "/user/hand/left/input/grip"
        },
        {
          "from": "/user/hand/left/input/thumbstick",
          "to": "/user/hand/left/input/thumbpad"
        },
        {
          "from": "/user/hand/left/input/pinch",
          "to": "/user/hand/left/input/pinch"
        },
        {
          "from": "/user/hand/left/input/finger/index",
          "to": "/user/hand/left/input/finger/index"
        },
        {
          "from": "/user/hand/left/input/finger/middle",
          "to": "/user/hand/left/input/finger/middle"
        },
        {
          "from": "/user/hand/left/input/finger/ring",
          "to": "/user/hand/left/input/finger/ring"
        },
        {
          "from": "/user/hand/left/input/finger/pinky",
          "to": "/user/hand/left/input/finger/pinky"
        }
      ]
    }
  ] 
}