{
	"action_manifest_version": 0,
	"alias_info": {},
	"app_key": "steam.app.823500",
	"bindings": {
		"/actions/default": {
			"haptics": [{
					"output": "/actions/default/out/vibration",
					"path": "/user/hand/left/output/haptic"
				},
				{
					"output": "/actions/default/out/vibration",
					"path": "/user/hand/right/output/haptic"
				}
			],
			"poses": [{
					"output": "/actions/default/in/pose",
					"path": "/user/hand/left/pose/hand"
				},
				{
					"output": "/actions/default/in/pose",
					"path": "/user/hand/right/pose/hand"
				},
				{
					"output": "/actions/default/in/pose",
					"path": "/user/hand/right/pose/front"
				},
				{
					"output": "/actions/default/in/pose",
					"path": "/user/hand/left/pose/front"
				}
			],
			"skeleton": [{
					"output": "/actions/default/in/skeletonlefthand",
					"path": "/user/hand/left/input/skeleton/left"
				},
				{
					"output": "/actions/default/in/skeletonrighthand",
					"path": "/user/hand/right/input/skeleton/right"
				}
			],
			"sources": [{
					"inputs": {
						"click": {
							"output": "/actions/default/in/gripclick"
						},
						"held": {
							"output": "/actions/default/in/gripclick"
						}
					},
					"mode": "button",
					"path": "/user/hand/left/input/grip"
				},
				{
					"inputs": {
						"click": {
							"output": "/actions/default/in/gripclick"
						}
					},
					"mode": "button",
					"path": "/user/hand/right/input/grip"
				},
				{
					"inputs": {
						"pull": {
							"output": "/actions/default/in/middlecurl"
						}
					},
					"mode": "trigger",
					"path": "/user/hand/left/input/middle"
				},
				{
					"inputs": {
						"pull": {
							"output": "/actions/default/in/ringcurl"
						}
					},
					"mode": "trigger",
					"path": "/user/hand/left/input/ring"
				},
				{
					"inputs": {
						"pull": {
							"output": "/actions/default/in/pinkycurl"
						}
					},
					"mode": "trigger",
					"path": "/user/hand/left/input/pinky"
				},
				{
					"inputs": {
						"pull": {
							"output": "/actions/default/in/pinkycurl"
						}
					},
					"mode": "trigger",
					"path": "/user/hand/right/input/pinky"
				},
				{
					"inputs": {
						"pull": {
							"output": "/actions/default/in/ringcurl"
						}
					},
					"mode": "trigger",
					"path": "/user/hand/right/input/ring"
				},
				{
					"inputs": {
						"pull": {
							"output": "/actions/default/in/middlecurl"
						}
					},
					"mode": "trigger",
					"path": "/user/hand/right/input/middle"
				},
				{
					"inputs": {
						"pull": {
							"output": "/actions/default/in/indexcurl"
						}
					},
					"mode": "trigger",
					"path": "/user/hand/right/input/index"
				},
				{
					"inputs": {},
					"mode": "none",
					"path": "/user/hand/right/input/index"
				},
				{
					"inputs": {
						"click": {
							"output": "/actions/default/in/thumbstickclick"
						},
						"position": {
							"output": "/actions/default/in/thumbstickposition"
						},
						"touch": {
							"output": "/actions/default/in/thumbsticktouch"
						}
					},
					"mode": "trackpad",
					"parameters": {
						"deadzone_pct": "80"
					},
					"path": "/user/hand/right/input/thumbpad"
				},
				{
					"inputs": {
						"click": {
							"output": "/actions/default/in/thumbstickclick"
						},
						"position": {
							"output": "/actions/default/in/thumbstickposition"
						},
						"touch": {
							"output": "/actions/default/in/thumbsticktouch"
						}
					},
					"mode": "trackpad",
					"parameters": {
						"deadzone_pct": "80"
					},
					"path": "/user/hand/left/input/thumbpad"
				},
				{
					"inputs": {
						"pull": {
							"output": "/actions/default/in/gripforce"
						}
					},
					"mode": "trigger",
					"path": "/user/hand/right/input/grip"
				},
				{
					"inputs": {
						"pull": {
							"output": "/actions/default/in/gripforce"
						}
					},
					"mode": "trigger",
					"path": "/user/hand/left/input/grip"
				},
				{
					"inputs": {
						"pull": {
							"output": "/actions/default/in/triggerposition"
						}
					},
					"mode": "trigger",
					"path": "/user/hand/right/input/index"
				},
				{
					"inputs": {
						"pull": {
							"output": "/actions/default/in/indexcurl"
						}
					},
					"mode": "trigger",
					"path": "/user/hand/left/input/index"
				},
				{
					"inputs": {
						"click": {
							"output": "/actions/default/in/triggerclick"
						}
					},
					"mode": "button",
					"path": "/user/hand/left/input/index"
				},
				{
					"inputs": {
						"click": {
							"output": "/actions/default/in/triggerclick"
						}
					},
					"mode": "button",
					"path": "/user/hand/right/input/index"
				},
				{
					"inputs": {
						"click": {
							"output": "/actions/default/in/aclick"
						}
					},
					"mode": "button",
					"path": "/user/hand/left/input/slider"
				},
				{
					"inputs": {},
					"mode": "force_sensor",
					"path": "/user/hand/right/input/thumbpad"
				},
				{
					"inputs": {
						"click": {
							"output": "/actions/default/in/aclick"
						}
					},
					"mode": "button",
					"path": "/user/hand/right/input/slider"
				},
				{
					"inputs": {
						"click": {
							"output": "/actions/default/in/thumbstickclick"
						},
						"position": {
							"output": "/actions/default/in/thumbstickposition"
						},
						"touch": {
							"output": "/actions/default/in/thumbsticktouch"
						}
					},
					"mode": "trackpad",
					"path": "/user/hand/left/input/thumbpad"
				},
				{
					"inputs": {
						"click": {
							"output": "/actions/default/in/thumbstickclick"
						},
						"position": {
							"output": "/actions/default/in/thumbstickposition"
						},
						"touch": {
							"output": "/actions/default/in/thumbsticktouch"
						}
					},
					"mode": "trackpad",
					"path": "/user/hand/right/input/thumbpad"
				},
				{
					"inputs": {
						"click": {
							"output": "/actions/default/in/triggerclick"
						},
						"pull": {
							"output": "/actions/default/in/triggerposition"
						},
						"touch": {
							"output": "/actions/default/in/triggertouch"
						}
					},
					"mode": "trigger",
					"path": "/user/hand/left/input/finger/index"
				},
				{
					"inputs": {
						"click": {
							"output": "/actions/default/in/triggerclick"
						},
						"pull": {
							"output": "/actions/default/in/triggerposition"
						},
						"touch": {
							"output": "/actions/default/in/triggertouch"
						}
					},
					"mode": "trigger",
					"path": "/user/hand/right/input/finger/index"
				},
				{
					"inputs": {
						"click": {
							"output": "/actions/default/in/gripclick"
						}
					},
					"mode": "button",
					"path": "/user/hand/left/input/grip"
				},
				{
					"inputs": {
						"click": {
							"output": "/actions/default/in/gripclick"
						}
					},
					"mode": "button",
					"path": "/user/hand/right/input/grip"
				},
				{
					"inputs": {
						"click": {
							"output": "/actions/default/in/bclick"
						}
					},
					"mode": "button",
					"path": "/user/hand/right/input/proximity"
				},
				{
					"inputs": {
						"click": {
							"output": "/actions/default/in/bclick"
						}
					},
					"mode": "button",
					"path": "/user/hand/left/input/proximity"
				}
			]
		},
		"/actions/global": {
			"sources": [{
				"inputs": {},
				"mode": "trackpad",
				"path": "/user/hand/left/input/thumbpad"
			}]
		},
		"/actions/hands": {
			"sources": [{
					"inputs": {
						"pull": {
							"output": "/actions/hands/in/indexcurl"
						}
					},
					"mode": "trigger",
					"path": "/user/hand/left/input/index"
				},
				{
					"inputs": {
						"pull": {
							"output": "/actions/hands/in/indexcurl"
						}
					},
					"mode": "trigger",
					"path": "/user/hand/right/input/index"
				},
				{
					"inputs": {
						"pull": {
							"output": "/actions/hands/in/middlecurl"
						}
					},
					"mode": "trigger",
					"path": "/user/hand/right/input/middle"
				},
				{
					"inputs": {
						"pull": {
							"output": "/actions/hands/in/ringcurl"
						}
					},
					"mode": "trigger",
					"path": "/user/hand/right/input/ring"
				},
				{
					"inputs": {
						"pull": {
							"output": "/actions/hands/in/pinkycurl"
						}
					},
					"mode": "trigger",
					"path": "/user/hand/right/input/pinky"
				},
				{
					"inputs": {
						"pull": {
							"output": "/actions/hands/in/pinkycurl"
						}
					},
					"mode": "trigger",
					"path": "/user/hand/left/input/pinky"
				},
				{
					"inputs": {
						"pull": {
							"output": "/actions/hands/in/ringcurl"
						}
					},
					"mode": "trigger",
					"path": "/user/hand/left/input/ring"
				},
				{
					"inputs": {
						"pull": {
							"output": "/actions/hands/in/middlecurl"
						}
					},
					"mode": "trigger",
					"path": "/user/hand/left/input/middle"
				}
			]
		},
		"/actions/holographic": {
			"sources": []
		},
		"/actions/move": {
			"sources": [{
					"inputs": {
						"click": {
							"output": "/actions/move/in/teleport"
						}
					},
					"mode": "button",
					"path": "/user/hand/left/input/point"
				},
				{
					"inputs": {
						"click": {
							"output": "/actions/move/in/teleport"
						}
					},
					"mode": "button",
					"path": "/user/hand/right/input/point"
				}
			]
		},
		"/actions/oculustouch": {
			"sources": []
		}
	},
	"category": "steamvr_input",
	"controller_type": "etee_controller",
	"description": "Version 2_3: Official BONEWORKS bindings for etee Controllers. While in-game, press the System Button and select 'Show Controls' in the bottom left to view controller layout.",
	"name": "Default BONEWORKS configuration for etee Controller",
	"options": {
		"simulate_hmd": false,
		"simulated_controller_type": "knuckles"
	},
	"simulated_actions": []
}