{
	"jsonid": "input_profile",
	"controller_type": "etee_controller",
	"device_class": "TrackedDeviceClass_Controller",
	"resource_root": "etee",
	"driver_name": "lighthouse",
	"legacy_binding": "{etee}/input/bindings/etee_controller_legacy_bindings.json",
	"input_bindingui_mode": "controller_handed",
	"should_show_binding_errors": true,
	"input_bindingui_left": {
		"transform": "scale(1.0,1.0)",
		"image": "{etee}/icons/eteeController_left.svg"
	},
	"input_bindingui_right": {
		"transform": "scale(1.0,1.0)",
		"image": "{etee}/icons/eteeController_right.svg"
	},
	"input_source": {
		"/input/system": {
			"type": "button",
			"click": true,
			"binding_image_point": [54, 113],
			"order": 1
		},
		"/input/proximity": {
			"type": "trigger",
			"touch": true,
			"click": true,
			"value": true,
			"binding_image_point": [24, 15],
			"order": 2
		},
		"/input/thumbpad": {
			"type": "trackpad",
			"touch": true,
			"click": true,
			"x": true,
			"y": true,
			"binding_image_point": [47, 13],
			"order": 3
		},
		"/input/slider": {
			"type": "trackpad",
			"click": true,
			"touch": true,
			"x": false,
			"y": true,
			"binding_image_point": [54, 35],
			"order": 4
		},

		"/input/finger/thumb": {
			"type": "trigger",
			"value": true,
			"click": true,
			"touch": true,
			"binding_image_point": [40, 25],
			"order": 5
		},
		"/input/finger/index": {
			"type": "trigger",
			"value": true,
			"click": true,
			"touch": true,
			"binding_image_point": [40, 41],
			"order": 6
		},
		"/input/finger/middle": {
			"type": "trigger",
			"value": true,
			"click": true,
			"touch": true,
			"binding_image_point": [40, 57],
			"order": 7
		},
		"/input/finger/ring": {
			"type": "trigger",
			"value": true,
			"click": true,
			"touch": true,
			"binding_image_point": [40, 75],
			"order": 8
		},
		"/input/finger/pinky": {
			"type": "trigger",
			"value": true,
			"click": true,
			"touch": true,
			"binding_image_point": [40, 92],
			"order": 9
		},

		"/input/grip": {
			"type": "trigger",
			"value": true,
			"binding_image_point": [40, 92],
			"order": 10
		},
		"/input/pinch": {
			"type": "button",
			"click": true,
			"binding_image_point": [40, 92],
			"order": 11
		},
		"/input/point": {
			"type": "button",
			"click": true,
			"binding_image_point": [40, 92],
			"order": 12
		},

		"/input/trackerConnection": {
			"type": "button",
			"click": true,
			"binding_image_point": [24, 15],
			"order": 13
		},
		"/input/is_right_handed": {
			"type": "button",
			"click": true,
			"binding_image_point": [24, 15],
			"order": 14
		},

		"/pose/raw": {
			"type": "pose",
			"binding_image_point": [47, 13]
		},
		"/pose/base": {
			"type": "pose",
			"binding_image_point": [54, 113]
		},
		"/pose/tip": {
			"type": "pose",
			"binding_image_point": [47, 13]
		},
		"/pose/front": {
			"type": "pose",
			"binding_image_point": [54, 35]
		},
		"/pose/back": {
			"type": "pose",
			"binding_image_point": [40, 57]
		},
		"/pose/handgrip": {
			"type": "pose",
			"binding_image_point": [40, 57]
		},

		"/pose/skeleton_root": {
			"type": "pose",
			"binding_image_point": [47, 13]
		},
		"/input/skeleton/left": {
			"type": "skeleton",
			"skeleton": "/skeleton/hand/left",
			"side": "left",
			"binding_image_point": [47, 13]
		},
		"/input/skeleton/right": {
			"type": "skeleton",
			"skeleton": "/skeleton/hand/right",
			"side": "right",
			"binding_image_point": [47, 13]
		},

		"/output/haptic": {
			"type": "vibration",
			"binding_image_point": [40, 57]
		}
	},
	"input_components": {
		"/input/system/click": {
			"bit_offset": 0,
			"type": "bool"
		},
		"/input/slider/y": {
			"bit_offset": 73,
			"bit_width": 7,
			"type": "scalar",
			"min": 0,
			"max": 126,
			"unit": "twosided",
			"special_value_zero": 0
		},
		"/input/slider/click": {
			"bit_offset": 72,
			"type": "bool"
		},
		"/input/thumbpad/x": {
			"bit_offset": 48,
			"bit_width": 8,
			"type": "scalar",
			"min": 0,
			"max": 252,
			"unit": "twosided",
			"special_value_zero": 0
		},
		"/input/thumbpad/y": {
			"bit_offset": 56,
			"bit_width": 8,
			"type": "scalar",
			"min": 0,
			"max": 252,
			"unit": "twosided",
			"special_value_zero": 0
		},
		"/input/thumbpad/click": {
			"bit_offset": 1,
			"type": "bool"
		},
		"/input/thumbpad/touch": {
			"bit_offset": 2,
			"type": "bool"
		},
		"/input/proximity/value": {
			"bit_offset": 65,
			"bit_width": 7,
			"type": "scalar",
			"min": 0,
			"max": 126,
			"unit": "onesided"
		},
		"/input/proximity/touch": {
			"bit_offset": 64,
			"type": "bool"
		},
		"/input/proximity/click": {
			"bit_offset": 89,
			"type": "bool"
		},

		"/input/finger/thumb/value": {
			"bit_offset": 9,
			"bit_width": 7,
			"type": "scalar",
			"min": 0,
			"max": 126,
			"unit": "onesided"
		},
		"/input/finger/thumb/touch": {
			"bit_offset": 8,
			"type": "bool"
		},
		"/input/finger/thumb/click": {
			"bit_offset": 3,
			"type": "bool"
		},
		"/input/finger/index": {
			"bit_offset": 17,
			"bit_width": 7,
			"type": "scalar",
			"min": 0,
			"max": 126,
			"unit": "onesided"
		},
		"/input/finger/index/touch": {
			"bit_offset": 16,
			"type": "bool"
		},
		"/input/finger/index/click": {
			"bit_offset": 4,
			"type": "bool"
		},
		"/input/finger/middle": {
			"bit_offset": 25,
			"bit_width": 7,
			"type": "scalar",
			"min": 0,
			"max": 126,
			"unit": "onesided"
		},
		"/input/finger/middle/touch": {
			"bit_offset": 24,
			"type": "bool"
		},
		"/input/finger/middle/click": {
			"bit_offset": 5,
			"type": "bool"
		},
		"/input/finger/ring": {
			"bit_offset": 33,
			"bit_width": 7,
			"type": "scalar",
			"min": 0,
			"max": 126,
			"unit": "onesided"
		},
		"/input/finger/ring/touch": {
			"bit_offset": 32,
			"type": "bool"
		},
		"/input/finger/ring/click": {
			"bit_offset": 6,
			"type": "bool"
		},
		"/input/finger/pinky": {
			"bit_offset": 41,
			"bit_width": 7,
			"type": "scalar",
			"min": 0,
			"max": 126,
			"unit": "onesided"
		},
		"/input/finger/pinky/touch": {
			"bit_offset": 40,
			"type": "bool"
		},
		"/input/finger/pinky/click": {
			"bit_offset": 7,
			"type": "bool"
		},

		"/input/grip/value": {
			"bit_offset": 81,
			"bit_width": 7,
			"type": "scalar",
			"min": 0,
			"max": 126,
			"unit": "onesided"
		},
		"/input/pinch/click": {
			"bit_offset": 80,
			"type": "bool"
		},
		"/input/point/click": {
			"bit_offset": 88,
			"type": "bool"
		},

		"/input/trackerConnection/click": {
			"bit_offset": 90,
			"type": "bool"
		},
		"/input/is_right_handed/click": {
			"bit_offset": 91,
			"type": "bool"
		},

		"/output/haptic": {
			"type": "vibration"
		}
	},
	"default_bindings": [{
			"app_key": "openvr.tool.steamvr_environments",
			"binding_url": "bindings/openvr.tool.steamvr_environments_etee_controller.json"
		},
		{
			"app_key": "openvr.tool.steamvr vibration test.exe",
			"binding_url": "bindings/openvr.tool.steamvr vibration test.exe_etee_controller.json"
		},
		{
			"app_key": "openvr.tool.svr-haptic-testing-tool.exe",
			"binding_url": "bindings/openvr.tool.svr-haptic-testing-tool.exe_etee_controller.json"
		},
		{
			"app_key": "openvr.component.vrcompositor",
			"binding_url": "bindings/openvr.component.vrcompositor_etee_controller.json"
		},
		{
			"app_key": "steam.app.1318090",
			"binding_url": "bindings/steam.app.1318090_etee_controller.json"
		},
		{
			"app_key": "steam.app.1079800",
			"binding_url": "bindings/steam.app.1079800_etee_controller.json"
		},
		{
			"app_key": "steam.app.1009850",
			"binding_url": "bindings/steam.app.1009850_etee_controller.json"
		},
		{
			"app_key": "steam.app.823500",
			"binding_url": "bindings/steam.app.823500_etee_controller.json"
		},
		{
			"app_key": "steam.app.740250",
			"binding_url": "bindings/steam.app.740250_etee_controller.json"
		},
		{
			"app_key": "steam.app.620980",
			"binding_url": "bindings/steam.app.620980_etee_controller.json"
		},
		{
			"app_key": "steam.app.617830",
			"binding_url": "bindings/steam.app.617830_etee_controller.json"
		},
		{
			"app_key": "steam.app.555160",
			"binding_url": "bindings/steam.app.555160_etee_controller.json"
		},
		{
			"app_key": "steam.app.551370",
			"binding_url": "bindings/steam.app.551370_etee_controller.json"
		},
		{
			"app_key": "steam.app.546560",
			"binding_url": "bindings/steam.app.546560_etee_controller.json"
		},
		{
			"app_key": "steam.app.534720",
			"binding_url": "bindings/steam.app.534720_etee_controller.json"
		},
		{
			"app_key": "steam.app.450390",
			"binding_url": "bindings/steam.app.450390_etee_controller.json"
		},
		{
			"app_key": "steam.app.438100",
			"binding_url": "bindings/steam.app.438100_etee_controller.json"
		},
		{
			"app_key": "steam.app.457420",
			"binding_url": "bindings/steam.app.457420_etee_controller.json"
		},
		{
			"app_key": "steam.app.327140",
			"binding_url": "bindings/steam.app.327140_etee_controller.json"
		}
	]
}