{
	"alias_info": {
		"/actions/legacy/in/head_proximity": {
			"alias_name": "",
			"hidden": true
		},
		"/actions/legacy/in/left_axis2_press": {
			"alias_name": "",
			"hidden": true
		},
		"/actions/legacy/in/left_axis2_touch": {
			"alias_name": "",
			"hidden": true
		},
		"/actions/legacy/in/left_axis3_press": {
			"alias_name": "",
			"hidden": true
		},
		"/actions/legacy/in/left_axis3_touch": {
			"alias_name": "",
			"hidden": true
		},
		"/actions/legacy/in/left_axis3_value_e0": {
			"alias_name": "",
			"hidden": true
		},
		"/actions/legacy/in/left_axis3_value_e1": {
			"alias_name": "",
			"hidden": true
		},
		"/actions/legacy/in/left_axis4_press": {
			"alias_name": "",
			"hidden": true
		},
		"/actions/legacy/in/left_axis4_touch": {
			"alias_name": "",
			"hidden": true
		},
		"/actions/legacy/in/left_axis4_value_e0": {
			"alias_name": "",
			"hidden": true
		},
		"/actions/legacy/in/left_axis4_value_e1": {
			"alias_name": "",
			"hidden": true
		},
		"/actions/legacy/in/left_system_press": {
			"alias_name": "",
			"hidden": true
		},
		"/actions/legacy/in/left_system_touch": {
			"alias_name": "",
			"hidden": true
		},
		"/actions/legacy/in/right_axis3_press": {
			"alias_name": "",
			"hidden": true
		},
		"/actions/legacy/in/right_axis3_touch": {
			"alias_name": "",
			"hidden": true
		},
		"/actions/legacy/in/right_axis3_value_e0": {
			"alias_name": "",
			"hidden": true
		},
		"/actions/legacy/in/right_axis3_value_e1": {
			"alias_name": "",
			"hidden": true
		},
		"/actions/legacy/in/right_axis4_press": {
			"alias_name": "",
			"hidden": true
		},
		"/actions/legacy/in/right_axis4_touch": {
			"alias_name": "",
			"hidden": true
		},
		"/actions/legacy/in/right_axis4_value_e0": {
			"alias_name": "",
			"hidden": true
		},
		"/actions/legacy/in/right_axis4_value_e1": {
			"alias_name": "",
			"hidden": true
		},
		"/actions/legacy/in/right_system_press": {
			"alias_name": "",
			"hidden": true
		},
		"/actions/legacy/in/right_system_touch": {
			"alias_name": "",
			"hidden": true
		},
		"/actions/legacy_mirrored/in/axis2_press": {
			"alias_name": "",
			"hidden": true
		},
		"/actions/legacy_mirrored/in/axis2_touch": {
			"alias_name": "",
			"hidden": true
		},
		"/actions/legacy_mirrored/in/axis3_press": {
			"alias_name": "",
			"hidden": true
		},
		"/actions/legacy_mirrored/in/axis3_touch": {
			"alias_name": "",
			"hidden": true
		},
		"/actions/legacy_mirrored/in/axis3_value_e0": {
			"alias_name": "",
			"hidden": true
		},
		"/actions/legacy_mirrored/in/axis3_value_e1": {
			"alias_name": "",
			"hidden": true
		},
		"/actions/legacy_mirrored/in/axis4_press": {
			"alias_name": "",
			"hidden": true
		},
		"/actions/legacy_mirrored/in/axis4_touch": {
			"alias_name": "",
			"hidden": true
		},
		"/actions/legacy_mirrored/in/axis4_value_e0": {
			"alias_name": "",
			"hidden": true
		},
		"/actions/legacy_mirrored/in/axis4_value_e1": {
			"alias_name": "",
			"hidden": true
		},
		"/actions/legacy_mirrored/in/system_press": {
			"alias_name": "",
			"hidden": true
		}
	},
	"bindings": {
		"/actions/legacy": {
			"haptics": [{
					"output": "/actions/legacy/out/left_haptic",
					"path": "/user/hand/left/output/haptic"
				},
				{
					"output": "/actions/legacy/out/right_haptic",
					"path": "/user/hand/right/output/haptic"
				}
			],
			"poses": [{
					"output": "/actions/legacy/in/Left_Pose",
					"path": "/user/hand/left/pose/raw"
				},
				{
					"output": "/actions/legacy/in/Right_Pose",
					"path": "/user/hand/right/pose/raw"
				}
			],
			"sources": [{
					"inputs": {
						"click": {
							"output": "/actions/legacy/in/left_system_press"
						}
					},
					"mode": "button",
					"path": "/user/hand/left/input/system"
				},
				{
					"inputs": {
						"click": {
							"output": "/actions/legacy/in/right_system_press"
						}
					},
					"mode": "button",
					"path": "/user/hand/right/input/system"
				},
				{
					"inputs": {
						"click": {
							"output": "/actions/legacy/in/right_grip_press"
						}
					},
					"mode": "button",
					"path": "/user/hand/right/input/grip"
				},
				{
					"inputs": {
						"click": {
							"output": "/actions/legacy/in/left_grip_press"
						}
					},
					"mode": "button",
					"path": "/user/hand/left/input/grip"
				},
				{
					"inputs": {
						"click": {
							"output": "/actions/legacy/in/left_applicationmenu_press"
						},
						"touch": {
							"output": "/actions/legacy/in/left_applicationmenu_touch"
						}
					},
					"mode": "button",
					"path": "/user/hand/left/input/proximity"
				},
				{
					"inputs": {
						"click": {
							"output": "/actions/legacy/in/right_applicationmenu_press"
						},
						"touch": {
							"output": "/actions/legacy/in/right_applicationmenu_touch"
						}
					},
					"mode": "button",
					"path": "/user/hand/right/input/proximity"
				},
				{
					"inputs": {
						"click": {
							"output": "/actions/legacy/in/left_axis0_press"
						},
						"position": {
							"output": "/actions/legacy/in/left_axis0_value"
						},
						"touch": {
							"output": "/actions/legacy/in/left_axis0_touch"
						}
					},
					"mode": "trackpad",
					"path": "/user/hand/left/input/thumbpad"
				},
				{
					"inputs": {
						"click": {
							"output": "/actions/legacy/in/right_axis0_press"
						},
						"position": {
							"output": "/actions/legacy/in/right_axis0_value"
						},
						"touch": {
							"output": "/actions/legacy/in/right_axis0_touch"
						}
					},
					"mode": "trackpad",
					"path": "/user/hand/right/input/thumbpad"
				},
				{
					"inputs": {
						"click": {
							"output": "/actions/legacy/in/left_axis0_press"
						}
					},
					"mode": "button",
					"path": "/user/hand/left/input/thumbpad"
				},
				{
					"inputs": {
						"click": {
							"output": "/actions/legacy/in/right_axis0_press"
						}
					},
					"mode": "button",
					"path": "/user/hand/right/input/thumbpad"
				},
				{
					"inputs": {
						"pull": {
							"output": "/actions/legacy/in/left_axis1_value"
						},
						"touch": {
							"output": "/actions/legacy/in/left_axis1_touch"
						}
					},
					"mode": "trigger",
					"path": "/user/hand/left/input/pinch"
				},
				{
					"inputs": {
						"pull": {
							"output": "/actions/legacy/in/right_axis1_value"
						},
						"touch": {
							"output": "/actions/legacy/in/right_axis1_touch"
						}
					},
					"mode": "trigger",
					"path": "/user/hand/right/input/pinch"
				},
				{
					"inputs": {
						"click": {
							"output": "/actions/legacy/in/left_axis1_press"
						},
						"touch": {
							"output": "/actions/legacy/in/left_axis1_touch"
						}
					},
					"mode": "button",
					"parameters": {
						"click_activate_threshold": "0.55",
						"click_deactivate_threshold": "0.5",
						"haptic_amplitude": "0",
						"touch_activate_threshold": "0.1",
						"touch_deactivate_threshold": "0.05"
					},
					"path": "/user/hand/left/input/pinch"
				},
				{
					"inputs": {
						"click": {
							"output": "/actions/legacy/in/right_axis1_press"
						},
						"touch": {
							"output": "/actions/legacy/in/right_axis1_touch"
						}
					},
					"mode": "button",
					"parameters": {
						"click_activate_threshold": "0.55",
						"click_deactivate_threshold": "0.5",
						"haptic_amplitude": "0",
						"touch_activate_threshold": "0.1",
						"touch_deactivate_threshold": "0.05"
					},
					"path": "/user/hand/right/input/pinch"
				},
				{
					"inputs": {
						"click": {
							"output": "/actions/legacy/in/left_grip_press"
						}
					},
					"mode": "button",
					"parameters": {
						"click_activate_threshold": "0.8",
						"force_input": "force"
					},
					"path": "/user/hand/left/input/grip"
				},
				{
					"inputs": {
						"click": {
							"output": "/actions/legacy/in/right_grip_press"
						}
					},
					"mode": "button",
					"parameters": {
						"click_activate_threshold": "0.8",
						"force_input": "force"
					},
					"path": "/user/hand/right/input/grip"
				}
			]
		},
		"/actions/legacy_mirrored": {
			"haptics": [{
					"output": "/actions/legacy_mirrored/out/haptic",
					"path": "/user/hand/left/output/haptic"
				},
				{
					"output": "/actions/legacy_mirrored/out/haptic",
					"path": "/user/hand/right/output/haptic"
				}
			],
			"poses": [{
					"output": "/actions/legacy_mirrored/in/pose",
					"path": "/user/hand/left/pose/raw"
				},
				{
					"output": "/actions/legacy_mirrored/in/pose",
					"path": "/user/hand/right/pose/raw"
				}
			],
			"sources": [{
					"inputs": {
						"click": {
							"output": "/actions/legacy_mirrored/in/axis1_press"
						},
						"pull": {
							"output": "/actions/legacy_mirrored/in/axis1_value"
						},
						"touch": {
							"output": "/actions/legacy_mirrored/in/axis1_touch"
						}
					},
					"mode": "trigger",
					"path": "/user/hand/left/input/pinch"
				},
				{
					"inputs": {
						"click": {
							"output": "/actions/legacy_mirrored/in/axis1_press"
						},
						"pull": {
							"output": "/actions/legacy_mirrored/in/axis1_value"
						},
						"touch": {
							"output": "/actions/legacy_mirrored/in/axis1_touch"
						}
					},
					"mode": "trigger",
					"path": "/user/hand/right/input/pinch"
				},
				{
					"inputs": {
						"position": {
							"output": "/actions/legacy_mirrored/in/axis0_value"
						},
						"touch": {
							"output": "/actions/legacy_mirrored/in/axis0_touch"
						}
					},
					"mode": "trackpad",
					"path": "/user/hand/left/input/thumbpad"
				},
				{
					"inputs": {
						"position": {
							"output": "/actions/legacy_mirrored/in/axis0_value"
						},
						"touch": {
							"output": "/actions/legacy_mirrored/in/axis0_touch"
						}
					},
					"mode": "trackpad",
					"path": "/user/hand/right/input/thumbpad"
				},
				{
					"inputs": {
						"click": {
							"output": "/actions/legacy_mirrored/in/axis0_press"
						}
					},
					"mode": "button",
					"path": "/user/hand/left/input/thumbpad"
				},
				{
					"inputs": {
						"click": {
							"output": "/actions/legacy_mirrored/in/axis0_press"
						}
					},
					"mode": "button",
					"path": "/user/hand/right/input/thumbpad"
				},
				{
					"inputs": {
						"click": {
							"output": "/actions/legacy_mirrored/in/grip_press"
						},
						"touch": {
							"output": "/actions/legacy_mirrored/in/grip_touch"
						}
					},
					"mode": "button",
					"path": "/user/hand/left/input/grip"
				},
				{
					"inputs": {
						"click": {
							"output": "/actions/legacy_mirrored/in/grip_press"
						},
						"touch": {
							"output": "/actions/legacy_mirrored/in/grip_touch"
						}
					},
					"mode": "button",
					"path": "/user/hand/right/input/grip"
				},
				{
					"inputs": {
						"click": {
							"output": "/actions/legacy_mirrored/in/applicationmenu_press"
						},
						"touch": {
							"output": "/actions/legacy_mirrored/in/applicationmenu_touch"
						}
					},
					"mode": "button",
					"path": "/user/hand/left/input/proximity"
				},
				{
					"inputs": {
						"click": {
							"output": "/actions/legacy_mirrored/in/applicationmenu_press"
						},
						"touch": {
							"output": "/actions/legacy_mirrored/in/applicationmenu_touch"
						}
					},
					"mode": "button",
					"path": "/user/hand/right/input/proximity"
				}
			]
		}
	},
	"category": "legacy",
	"controller_type": "etee_controller",
	"description": "Default binding values for legacy apps using the etee Controller",
	"name": "etee Controller Legacy Defaults",
	"options": {
		"mirror_actions": true,
		"simulated_controller_type" : "knuckles",
     	"simulate_rendermodel" : false
	},
	"simulated_actions": []
}