{
   "action_manifest_version" : 0,
   "alias_info" : {},
   "app_key" : "steam.app.868020",
   "bindings" : {
      "/actions/default" : {
         "chords" : [
            {
               "inputs" : [
                  [ "/user/hand/left/input/point_independent", "click" ],
                  [ "/user/hand/left/input/slider_up", "click" ]
               ],
               "output" : "/actions/default/in/teleport"
            },
            {
               "inputs" : [
                  [ "/user/hand/right/input/point_independent", "click" ],
                  [ "/user/hand/right/input/slider_up", "click" ]
               ],
               "output" : "/actions/default/in/teleport"
            },
            {
               "inputs" : [
                  [ "/user/hand/left/input/grip", "grab" ],
                  [ "/user/hand/left/input/finger/index", null ]
               ],
               "output" : "/actions/default/in/grabgrip"
            },
            {
               "inputs" : [
                  [ "/user/hand/right/input/grip", "grab" ],
                  [ "/user/hand/right/input/finger/index", null ]
               ],
               "output" : "/actions/default/in/grabgrip"
            }
         ],
         "haptics" : [
            {
               "output" : "/actions/default/out/haptic",
               "path" : "/user/hand/left/output/haptic"
            },
            {
               "output" : "/actions/default/out/haptic",
               "path" : "/user/hand/right/output/haptic"
            }
         ],
         "poses" : [
            {
               "output" : "/actions/default/in/pose",
               "path" : "/user/hand/left/pose/raw"
            },
            {
               "output" : "/actions/default/in/pose",
               "path" : "/user/hand/right/pose/raw"
            }
         ],
         "skeleton" : [
            {
               "output" : "/actions/default/in/skeletonlefthand",
               "path" : "/user/hand/left/input/skeleton/left"
            },
            {
               "output" : "/actions/default/in/skeletonrighthand",
               "path" : "/user/hand/right/input/skeleton/right"
            }
         ],
         "sources" : [
            {
               "inputs" : {
                  "click" : {
                     "output" : "/actions/default/in/use"
                  }
               },
               "mode" : "button",
               "path" : "/user/hand/left/input/trigger"
            },
            {
               "inputs" : {
                  "click" : {
                     "output" : "/actions/default/in/interactui"
                  }
               },
               "mode" : "button",
               "path" : "/user/hand/left/input/trigger"
            },
            {
               "inputs" : {
                  "position" : {
                     "output" : "/actions/default/in/move"
                  }
               },
               "mode" : "trackpad",
               "path" : "/user/hand/left/input/trackpad"
            },
            {
               "inputs" : {},
               "mode" : "grab",
               "parameters" : {
                  "force_hold_threshold" : "0.02",
                  "force_release_threshold" : "0.01"
               },
               "path" : "/user/hand/left/input/grip"
            },
            {
               "inputs" : {
                  "grab" : {
                     "output" : "/actions/default/in/grabpinch"
                  }
               },
               "mode" : "grab",
               "parameters" : {
                  "force_hold_threshold" : "0.02",
                  "force_release_threshold" : "0.01"
               },
               "path" : "/user/hand/left/input/pinch"
            },
            {
               "inputs" : {
                  "pull" : {
                     "output" : "/actions/default/in/trigger"
                  }
               },
               "mode" : "trigger",
               "path" : "/user/hand/left/input/trigger"
            },
            {
               "inputs" : {
                  "position" : {
                     "output" : "/actions/default/in/thumbposition"
                  },
                  "touch" : {
                     "output" : "/actions/default/in/thumbtouch"
                  }
               },
               "mode" : "trackpad",
               "path" : "/user/hand/left/input/trackpad"
            },
            {
               "inputs" : {
                  "force" : {
                     "output" : "/actions/default/in/thumbpressure"
                  }
               },
               "mode" : "force_sensor",
               "path" : "/user/hand/left/input/trackpad"
            },
            {
               "inputs" : {
                  "force" : {
                     "output" : "/actions/default/in/grippressure"
                  }
               },
               "mode" : "force_sensor",
               "path" : "/user/hand/left/input/grip"
            },
            {
               "inputs" : {},
               "mode" : "grab",
               "path" : "/user/hand/right/input/grip"
            },
            {
               "inputs" : {
                  "force" : {
                     "output" : "/actions/default/in/grippressure"
                  }
               },
               "mode" : "force_sensor",
               "path" : "/user/hand/right/input/grip"
            },
            {
               "inputs" : {
                  "grab" : {
                     "output" : "/actions/default/in/grabpinch"
                  }
               },
               "mode" : "grab",
               "path" : "/user/hand/right/input/pinch"
            },
            {
               "inputs" : {
                  "position" : {
                     "output" : "/actions/default/in/move"
                  }
               },
               "mode" : "trackpad",
               "path" : "/user/hand/right/input/trackpad"
            },
            {
               "inputs" : {
                  "position" : {
                     "output" : "/actions/default/in/thumbposition"
                  },
                  "touch" : {
                     "output" : "/actions/default/in/thumbtouch"
                  }
               },
               "mode" : "trackpad",
               "path" : "/user/hand/right/input/trackpad"
            },
            {
               "inputs" : {
                  "force" : {
                     "output" : "/actions/default/in/thumbpressure"
                  }
               },
               "mode" : "force_sensor",
               "path" : "/user/hand/right/input/trackpad"
            },
            {
               "inputs" : {
                  "click" : {
                     "output" : "/actions/default/in/use"
                  }
               },
               "mode" : "button",
               "path" : "/user/hand/right/input/trigger"
            },
            {
               "inputs" : {
                  "click" : {
                     "output" : "/actions/default/in/interactui"
                  }
               },
               "mode" : "button",
               "path" : "/user/hand/right/input/trigger"
            },
            {
               "inputs" : {
                  "pull" : {
                     "output" : "/actions/default/in/trigger"
                  }
               },
               "mode" : "trigger",
               "path" : "/user/hand/right/input/trigger"
            },
            {
               "inputs" : {
                  "click" : {
                     "output" : "/actions/default/in/debug"
                  }
               },
               "mode" : "button",
               "path" : "/user/hand/left/input/a"
            },
            {
               "inputs" : {
                  "click" : {
                     "output" : "/actions/default/in/debug"
                  }
               },
               "mode" : "button",
               "path" : "/user/hand/right/input/a"
            },
            {
               "inputs" : {
                  "north" : {
                     "output" : "/actions/default/in/teleport"
                  }
               },
               "mode" : "dpad",
               "parameters" : {
                  "sub_mode" : "touch"
               },
               "path" : "/user/hand/left/input/thumbstick"
            },
            {
               "inputs" : {
                  "north" : {
                     "output" : "/actions/default/in/teleport"
                  }
               },
               "mode" : "dpad",
               "parameters" : {
                  "sub_mode" : "touch"
               },
               "path" : "/user/hand/right/input/thumbstick"
            },
            {
               "inputs" : {},
               "mode" : "button",
               "path" : "/user/hand/left/input/point_independent"
            },
            {
               "inputs" : {},
               "mode" : "button",
               "path" : "/user/hand/right/input/point_independent"
            },
            {
               "inputs" : {
                  "click" : {
                     "output" : "/actions/default/in/interactui"
                  }
               },
               "mode" : "button",
               "path" : "/user/hand/left/input/pinch"
            },
            {
               "inputs" : {
                  "click" : {
                     "output" : "/actions/default/in/interactui"
                  }
               },
               "mode" : "button",
               "path" : "/user/hand/right/input/pinch"
            },
            {
               "inputs" : {
                  "pull" : {
                     "output" : "/actions/default/in/trigger"
                  }
               },
               "mode" : "trigger",
               "path" : "/user/hand/left/input/pinch"
            },
            {
               "inputs" : {
                  "pull" : {
                     "output" : "/actions/default/in/trigger"
                  }
               },
               "mode" : "trigger",
               "path" : "/user/hand/right/input/pinch"
            },
            {
               "inputs" : {},
               "mode" : "button",
               "path" : "/user/hand/left/input/slider_up"
            },
            {
               "inputs" : {},
               "mode" : "button",
               "path" : "/user/hand/right/input/slider_up"
            },
            {
               "inputs" : {},
               "mode" : "none",
               "path" : "/user/hand/left/input/finger/index"
            },
            {
               "inputs" : {},
               "mode" : "none",
               "path" : "/user/hand/right/input/finger/index"
            }
         ]
      }
   },
   "category" : "steamvr_input",
   "controller_type" : "etee_controller",
   "description" : "Official Aperture Hand Lab bindings for etee Controllers. While in-game, press the System Button and select 'Show Controls' in the bottom left to view controller layout.",
   "name" : "Default Aperture Hand Lab configuration for etee Controller V2_2",
   "options" : {
      "compatibility_mode" : true,
      "simulate_rendermodel" : false,
      "simulated_controller_type" : "none"
   },
   "simulated_actions" : []
}
