{
   "action_manifest_version" : 1,
   "alias_info" : {},
   "app_key" : "openvr.tool.steamvr_environments",
   "bindings" : {
      "/actions/default" : {
         "sources" : [
            {
               "inputs" : {
                  "click" : {
                     "output" : "/actions/default/in/usegrip"
                  }
               },
               "mode" : "button",
               "path" : "/user/hand/left/input/ring"
            },
            {
               "inputs" : {
                  "click" : {
                     "output" : "/actions/default/in/usegrip"
                  }
               },
               "mode" : "button",
               "path" : "/user/hand/right/input/ring"
            },
            {
               "inputs" : {
                  "position" : {
                     "output" : "/actions/default/in/trackpad"
                  }
               },
               "mode" : "trackpad",
               "path" : "/user/hand/left/input/thumbpad"
            },
            {
               "inputs" : {
                  "double" : {
                     "output" : "/actions/default/in/showinventory"
                  }
               },
               "mode" : "button",
               "parameters" : {
                  "click_activate_threshold" : "0.75",
                  "click_deactivate_threshold" : "0.7"
               },
               "path" : "/user/hand/left/input/slider"
            },
            {
               "inputs" : {
                  "click" : {
                     "output" : "/actions/default/in/showinventory"
                  }
               },
               "mode" : "button",
               "parameters" : {
                  "click_activate_threshold" : "0.55",
                  "click_deactivate_threshold" : "0.5",
                  "force_input" : "force"
               },
               "path" : "/user/hand/left/input/thumb"
            },
            {
               "inputs" : {
                  "click" : {
                     "output" : "/actions/default/in/showinventory"
                  }
               },
               "mode" : "button",
               "parameters" : {
                  "click_activate_threshold" : "0.55",
                  "click_deactivate_threshold" : "0.5",
                  "force_input" : "force"
               },
               "path" : "/user/hand/right/input/thumb"
            },
            {
               "inputs" : {
                  "pull" : {
                     "output" : "/actions/default/in/handcurl"
                  }
               },
               "mode" : "trigger",
               "path" : "/user/hand/left/input/grip"
            },
            {
               "inputs" : {
                  "click" : {
                     "output" : "/actions/default/in/usegrip"
                  }
               },
               "mode" : "button",
               "parameters" : {
                  "click_activate_threshold" : "0.65",
                  "click_deactivate_threshold" : "0.55"
               },
               "path" : "/user/hand/left/input/grip"
            },
            {
               "inputs" : {
                  "double" : {
                     "output" : "/actions/default/in/togglemenu"
                  }
               },
               "mode" : "button",
               "parameters" : {
                  "force_input" : ""
               },
               "path" : "/user/hand/left/input/proximity"
            },
            {
               "inputs" : {
                  "click" : {
                     "output" : "/actions/default/in/lclick"
                  }
               },
               "mode" : "button",
               "path" : "/user/hand/left/input/pinch"
            },
            {
               "inputs" : {
                  "pull" : {
                     "output" : "/actions/default/in/handcurl"
                  }
               },
               "mode" : "trigger",
               "path" : "/user/hand/right/input/grip"
            },
            {
               "inputs" : {
                  "click" : {
                     "output" : "/actions/default/in/usegrip"
                  }
               },
               "mode" : "button",
               "path" : "/user/hand/right/input/grip"
            },
            {
               "inputs" : {
                  "click" : {
                     "output" : "/actions/default/in/lclick"
                  }
               },
               "mode" : "button",
               "path" : "/user/hand/right/input/pinch"
            },
            {
               "inputs" : {
                  "double" : {
                     "output" : "/actions/default/in/togglemenu"
                  }
               },
               "mode" : "button",
               "path" : "/user/hand/right/input/proximity"
            },
            {
               "inputs" : {
                  "double" : {
                     "output" : "/actions/default/in/showinventory"
                  }
               },
               "mode" : "button",
               "path" : "/user/hand/right/input/slider"
            },
            {
               "inputs" : {
                  "position" : {
                     "output" : "/actions/default/in/trackpad"
                  }
               },
               "mode" : "trackpad",
               "path" : "/user/hand/right/input/thumbpad"
            },
            {
               "inputs" : {
                  "click" : {
                     "output" : "/actions/default/in/use"
                  }
               },
               "mode" : "button",
               "path" : "/user/hand/left/input/pinch"
            },
            {
               "inputs" : {
                  "click" : {
                     "output" : "/actions/default/in/use"
                  }
               },
               "mode" : "button",
               "path" : "/user/hand/right/input/pinch"
            }
         ]
      },
      "/actions/global" : {
         "haptics" : [
            {
               "output" : "/actions/global/in/hapticvibration",
               "path" : "/user/hand/left/output/haptic"
            },
            {
               "output" : "/actions/global/in/hapticvibration",
               "path" : "/user/hand/right/output/haptic"
            }
         ],
         "poses" : [
            {
               "output" : "/actions/global/in/handposeleft",
               "path" : "/user/hand/left/pose/hand"
            },
            {
               "output" : "/actions/global/in/handposeright",
               "path" : "/user/hand/right/pose/hand"
            },
            {
               "output" : "none",
               "path" : "/user/hand/right/pose/tip"
            },
            {
               "output" : "none",
               "path" : "/user/hand/left/pose/base"
            },
            {
               "output" : "/actions/global/in/handposeleft",
               "path" : "/user/hand/left/pose/hori"
            },
            {
               "output" : "/actions/global/in/handposeright",
               "path" : "/user/hand/right/pose/hori"
            },
            {
               "output" : "none",
               "path" : "/user/hand/left/pose/tip"
            },
            {
               "output" : "none",
               "path" : "/user/hand/left/pose/raw"
            },
            {
               "output" : "none",
               "path" : "/user/hand/right/pose/base"
            },
            {
               "output" : "none",
               "path" : "/user/hand/right/pose/back"
            }
         ],
         "skeleton" : [
            {
               "output" : "/actions/global/in/handskeletonleft",
               "path" : "/user/hand/left/input/skeleton/left"
            },
            {
               "output" : "/actions/global/in/handskeletonright",
               "path" : "/user/hand/right/input/skeleton/right"
            }
         ],
         "sources" : []
      },
      "/actions/move" : {
         "chords" : [
            {
               "inputs" : [
                  [ "/user/hand/left/input/point_independent", "click" ],
                  [ "/user/hand/left/input/slider_up", "click" ]
               ],
               "output" : "/actions/move/in/teleport"
            },
            {
               "inputs" : [
                  [ "/user/hand/right/input/point_independent", "click" ],
                  [ "/user/hand/right/input/slider_up", "click" ]
               ],
               "output" : "/actions/move/in/teleport"
            }
         ],
         "sources" : [
            {
               "inputs" : {
                  "east" : {
                     "output" : "/actions/move/in/turnright"
                  },
                  "west" : {
                     "output" : "/actions/move/in/turnleft"
                  }
               },
               "mode" : "dpad",
               "parameters" : {
                  "deadzone_pct" : "80",
                  "overlap_pct" : "20",
                  "sub_mode" : "click"
               },
               "path" : "/user/hand/left/input/thumbpad"
            },
            {
               "inputs" : {
                  "east" : {
                     "output" : "/actions/move/in/turnright"
                  },
                  "west" : {
                     "output" : "/actions/move/in/turnleft"
                  }
               },
               "mode" : "dpad",
               "parameters" : {
                  "deadzone_pct" : "80",
                  "overlap_pct" : "20",
                  "sub_mode" : "click"
               },
               "path" : "/user/hand/right/input/thumbpad"
            },
            {
               "inputs" : {},
               "mode" : "button",
               "path" : "/user/hand/left/input/point_independent"
            },
            {
               "inputs" : {},
               "mode" : "button",
               "path" : "/user/hand/right/input/point_independent"
            },
            {
               "inputs" : {},
               "mode" : "button",
               "path" : "/user/hand/left/input/slider_up"
            },
            {
               "inputs" : {},
               "mode" : "button",
               "path" : "/user/hand/right/input/slider_up"
            }
         ]
      },
      "/actions/prop_tool" : {
         "sources" : [
            {
               "inputs" : {
                  "pull" : {
                     "output" : "/actions/prop_tool/in/trigger"
                  }
               },
               "mode" : "trigger",
               "path" : "/user/hand/left/input/index"
            },
            {
               "inputs" : {
                  "pull" : {
                     "output" : "/actions/prop_tool/in/trigger"
                  }
               },
               "mode" : "trigger",
               "path" : "/user/hand/right/input/index"
            },
            {
               "inputs" : {
                  "click" : {
                     "output" : "/actions/prop_tool/in/use"
                  }
               },
               "mode" : "button",
               "parameters" : {
                  "click_activate_threshold" : "0.6",
                  "click_deactivate_threshold" : "0.55"
               },
               "path" : "/user/hand/left/input/index"
            },
            {
               "inputs" : {
                  "click" : {
                     "output" : "/actions/prop_tool/in/use"
                  }
               },
               "mode" : "button",
               "parameters" : {
                  "click_activate_threshold" : "0.6",
                  "click_deactivate_threshold" : "0.55"
               },
               "path" : "/user/hand/right/input/index"
            },
            {
               "inputs" : {
                  "east" : {
                     "output" : "/actions/prop_tool/in/padright"
                  },
                  "north" : {
                     "output" : "/actions/prop_tool/in/padup"
                  },
                  "south" : {
                     "output" : "/actions/prop_tool/in/paddown"
                  },
                  "west" : {
                     "output" : "/actions/prop_tool/in/padleft"
                  }
               },
               "mode" : "dpad",
               "parameters" : {
                  "sub_mode" : "touch"
               },
               "path" : "/user/hand/left/input/thumbpad"
            },
            {
               "inputs" : {
                  "east" : {
                     "output" : "/actions/prop_tool/in/padright"
                  },
                  "north" : {
                     "output" : "/actions/prop_tool/in/padup"
                  },
                  "south" : {
                     "output" : "/actions/prop_tool/in/paddown"
                  },
                  "west" : {
                     "output" : "/actions/prop_tool/in/padleft"
                  }
               },
               "mode" : "dpad",
               "parameters" : {
                  "sub_mode" : "touch"
               },
               "path" : "/user/hand/right/input/thumbpad"
            },
            {
               "inputs" : {
                  "click" : {
                     "output" : "/actions/prop_tool/in/drop"
                  }
               },
               "mode" : "button",
               "parameters" : {
                  "click_activate_threshold" : "0.55",
                  "click_deactivate_threshold" : "0.5"
               },
               "path" : "/user/hand/left/input/thumb"
            },
            {
               "inputs" : {
                  "click" : {
                     "output" : "/actions/prop_tool/in/drop"
                  }
               },
               "mode" : "button",
               "parameters" : {
                  "click_activate_threshold" : "0.55",
                  "click_deactivate_threshold" : "0.5"
               },
               "path" : "/user/hand/right/input/thumb"
            },
            {
               "inputs" : {
                  "position" : {
                     "output" : "/actions/prop_tool/in/trackpad"
                  },
                  "touch" : {
                     "output" : "/actions/prop_tool/in/pad"
                  }
               },
               "mode" : "trackpad",
               "path" : "/user/hand/left/input/thumbpad"
            },
            {
               "inputs" : {
                  "position" : {
                     "output" : "/actions/prop_tool/in/trackpad"
                  },
                  "touch" : {
                     "output" : "/actions/prop_tool/in/pad"
                  }
               },
               "mode" : "trackpad",
               "path" : "/user/hand/right/input/thumbpad"
            },
            {
               "inputs" : {
                  "pull" : {
                     "output" : "/actions/prop_tool/in/trigger"
                  }
               },
               "mode" : "trigger",
               "path" : "/user/hand/left/input/pinch"
            },
            {
               "inputs" : {
                  "pull" : {
                     "output" : "/actions/prop_tool/in/trigger"
                  }
               },
               "mode" : "trigger",
               "path" : "/user/hand/right/input/pinch"
            },
            {
               "inputs" : {
                  "double" : {
                     "output" : "/actions/prop_tool/in/menu"
                  }
               },
               "mode" : "button",
               "path" : "/user/hand/left/input/slider"
            },
            {
               "inputs" : {
                  "double" : {
                     "output" : "/actions/prop_tool/in/menu"
                  }
               },
               "mode" : "button",
               "path" : "/user/hand/right/input/slider"
            }
         ]
      },
      "/actions/scroll_discrete" : {
         "sources" : [
            {
               "inputs" : {
                  "scroll" : {
                     "output" : "/actions/scroll_discrete/in/scroll"
                  }
               },
               "mode" : "scroll",
               "path" : "/user/hand/left/input/slider"
            },
            {
               "inputs" : {
                  "scroll" : {
                     "output" : "/actions/scroll_discrete/in/scroll"
                  }
               },
               "mode" : "scroll",
               "path" : "/user/hand/right/input/slider"
            }
         ]
      },
      "/actions/scroll_smooth" : {
         "sources" : [
            {
               "inputs" : {
                  "scroll" : {
                     "output" : "/actions/scroll_smooth/in/scroll"
                  }
               },
               "mode" : "scroll",
               "parameters" : {
                  "discrete_scroll_trackpad_haptic_on_touchstart_enabled" : "false",
                  "scroll_mode" : "discrete"
               },
               "path" : "/user/hand/left/input/slider"
            },
            {
               "inputs" : {
                  "scroll" : {
                     "output" : "/actions/scroll_smooth/in/scroll"
                  }
               },
               "mode" : "scroll",
               "parameters" : {
                  "discrete_scroll_trackpad_haptic_on_touchstart_enabled" : "false",
                  "scroll_mode" : "discrete"
               },
               "path" : "/user/hand/right/input/slider"
            }
         ]
      }
   },
   "category" : "steamvr_input",
   "controller_type" : "etee_controller",
   "description" : "Official TG0 Home bindings for etee Controllers. While in-game, press the System Button and select 'Show Controls' in the bottom left to view controller layout.",
   "name" : "Default SteamVR Home configuration for etee Controller",
   "options" : {},
   "simulated_actions" : []
}
