{
	"action_manifest_version" : 0,
	"alias_info" : {},
	"app_key" : "steam.app.1318090",
	"bindings" : {
	   "/actions/default" : {
		  "chords" : [],
		  "haptics" : [
			 {
				"output" : "/actions/default/out/haptic",
				"path" : "/user/hand/left/output/haptic"
			 },
			 {
				"output" : "/actions/default/out/haptic",
				"path" : "/user/hand/right/output/haptic"
			 }
		  ],
		  "poses" : [
			 {
				"output" : "none",
				"path" : "/user/hand/left/pose/base"
			 },
			 {
				"output" : "/actions/default/in/pose",
				"path" : "/user/hand/left/pose/raw"
			 },
			 {
				"output" : "/actions/default/in/pose",
				"path" : "/user/hand/right/pose/raw"
			 },
			 {
				"output" : "/actions/default/in/pose",
				"path" : "/user/hand/left/pose/tip"
			 },
			 {
				"output" : "/actions/default/in/pose",
				"path" : "/user/hand/right/pose/tip"
			 }
		  ],
		  "skeleton" : [
			 {
				"output" : "/actions/default/in/skeletonlefthand",
				"path" : "/user/hand/left/input/skeleton/left"
			 },
			 {
				"output" : "/actions/default/in/skeletonrighthand",
				"path" : "/user/hand/right/input/skeleton/right"
			 }
		  ],
		  "sources" : [
			 {
				"inputs" : {
				   "position" : {
					  "output" : "/actions/default/in/touchpadaxis"
				   },
				   "touch" : {
					  "output" : "/actions/default/in/touchpadtouch"
				   }
				},
				"mode" : "trackpad",
				"path" : "/user/hand/left/input/thumbpad"
			 },
			 {
				"inputs" : {
				   "click" : {
					  "output" : "/actions/default/in/gripbutton"
				   }
				},
				"mode" : "button",
				"path" : "/user/hand/left/input/grip"
			 },
			 {
				"inputs" : {
				   "click" : {
					  "output" : "/actions/default/in/gripbutton"
				   }
				},
				"mode" : "button",
				"path" : "/user/hand/right/input/grip"
			 },
			 {
				"inputs" : {
				   "click" : {
					  "output" : "/actions/default/in/touchpadbutton"
				   },
				   "position" : {
					  "output" : "/actions/default/in/touchpadaxis"
				   },
				   "touch" : {
					  "output" : "/actions/default/in/touchpadtouch"
				   }
				},
				"mode" : "trackpad",
				"path" : "/user/hand/right/input/thumbpad"
			 },
			 {
				"inputs" : {
				   "position" : {
					  "output" : "/actions/default/in/turn"
				   },
				   "touch" : {
					  "output" : "/actions/default/in/touchpadtouch"
				   }
				},
				"mode" : "trackpad",
				"path" : "/user/hand/right/input/thumbpad"
			 },
			 {
				"inputs" : {
				   "double" : {
					  "output" : "/actions/default/in/secondbutton"
				   },
				   "touch" : {
					  "output" : "/actions/default/in/menu"
				   }
				},
				"mode" : "button",
				"parameters" : {
				   "click_activate_threshold" : "0.2",
				   "click_deactivate_threshold" : "0.15",
				   "force_input" : "value"
				},
				"path" : "/user/hand/left/input/proximity"
			 },
			 {
				"inputs" : {
				   "click" : {
					  "output" : "/actions/default/in/touchpadbutton"
				   },
				   "touch" : {
					  "output" : "/actions/default/in/reload"
				   }
				},
				"mode" : "button",
				"parameters" : {
				   "force_input" : "click"
				},
				"path" : "/user/hand/right/input/proximity"
			 },
			 {
				"inputs" : {},
				"mode" : "button",
				"path" : "/user/hand/right/input/pinky"
			 },
			 {
				"inputs" : {},
				"mode" : "button",
				"path" : "/user/hand/right/input/ring"
			 },
			 {
				"inputs" : {},
				"mode" : "button",
				"path" : "/user/hand/right/input/middle"
			 },
			 {
				"inputs" : {},
				"mode" : "button",
				"path" : "/user/hand/left/input/ring"
			 },
			 {
				"inputs" : {},
				"mode" : "button",
				"path" : "/user/hand/left/input/middle"
			 },
			 {
				"inputs" : {},
				"mode" : "button",
				"path" : "/user/hand/left/input/pinky"
			 },
			 {
				"inputs" : {},
				"mode" : "button",
				"path" : "/user/hand/left/input/index"
			 },
			 {
				"inputs" : {},
				"mode" : "button",
				"path" : "/user/hand/right/input/index"
			 },
			 {
				"inputs" : {
				   "click" : {
					  "output" : "/actions/default/in/interactui"
				   }
				},
				"mode" : "button",
				"path" : "/user/hand/right/input/pinch"
			 },
			 {
				"inputs" : {},
				"mode" : "button",
				"path" : "/user/hand/right/input/finger/middle"
			 },
			 {
				"inputs" : {},
				"mode" : "button",
				"path" : "/user/hand/right/input/finger/ring"
			 },
			 {
				"inputs" : {},
				"mode" : "button",
				"path" : "/user/hand/right/input/finger/pinky"
			 },
			 {
				"inputs" : {
				   "click" : {
					  "output" : "/actions/default/in/fire"
				   }
				},
				"mode" : "button",
				"path" : "/user/hand/right/input/finger/index"
			 },
			 {
				"inputs" : {
				   "click" : {
					  "output" : "/actions/default/in/interactui"
				   }
				},
				"mode" : "button",
				"path" : "/user/hand/left/input/pinch"
			 },
			 {
				"inputs" : {
				   "click" : {
					  "output" : "/actions/default/in/grabgrip"
				   },
				   "held" : {
					  "output" : "/actions/default/in/squeeze"
				   },
				   "touch" : {
					  "output" : "/actions/default/in/grabpinch"
				   }
				},
				"mode" : "button",
				"path" : "/user/hand/left/input/grip"
			 },
			 {
				"inputs" : {
				   "click" : {
					  "output" : "/actions/default/in/grabgrip"
				   },
				   "held" : {
					  "output" : "/actions/default/in/squeezegrab"
				   },
				   "touch" : {
					  "output" : "/actions/default/in/grabpinch"
				   }
				},
				"mode" : "button",
				"path" : "/user/hand/right/input/grip"
			 },
			 {
				"inputs" : {
				   "click" : {
					  "output" : "/actions/default/in/jump"
				   },
				   "double" : {
					  "output" : "/actions/default/in/crouch"
				   },
				   "held" : {
					  "output" : "/actions/default/in/uncrouch"
				   }
				},
				"mode" : "button",
				"path" : "/user/hand/left/input/slider"
			 },
			 {
				"inputs" : {},
				"mode" : "none",
				"path" : "/user/hand/left/input/finger/thumb"
			 },
			 {
				"inputs" : {
				   "position" : {
					  "output" : "/actions/default/in/move"
				   }
				},
				"mode" : "trackpad",
				"path" : "/user/hand/left/input/thumbpad"
			 },
			 {
				"inputs" : {},
				"mode" : "scalar_constant",
				"path" : "/user/hand/left/input/finger/index"
			 },
			 {
				"inputs" : {
				   "value" : {
					  "output" : "/actions/default/in/visualtrigger"
				   }
				},
				"mode" : "scalar_constant",
				"path" : "/user/hand/right/input/finger/index"
			 },
			 {
				"inputs" : {},
				"mode" : "button",
				"path" : "/user/hand/left/input/slider_up"
			 },
			 {
				"inputs" : {
				   "double" : {
					  "output" : "/actions/default/in/switchweapons"
				   }
				},
				"mode" : "button",
				"path" : "/user/hand/right/input/slider"
			 }
		  ]
	   },
	   "/actions/global" : {
		  "chords" : [],
		  "haptics" : [],
		  "poses" : [],
		  "skeleton" : [],
		  "sources" : []
	   },
	   "/actions/legacy" : {
		  "chords" : [],
		  "haptics" : [],
		  "poses" : [],
		  "skeleton" : [],
		  "sources" : []
	   }
	},
	"category" : "steamvr_input",
	"controller_type" : "etee_controller",
	"description" : "Official Vertigo Remastered bindings for etee Controllers. While in-game, press the System Button and select 'Show Controls' in the bottom left to view controller layout.",
	"name" : "Default Vertigo Remastered configuration for etee Controller V2_2",
	"options" : {},
	"simulated_actions" : []
 }